formattedAddress,city,zipCode,price,propertyType,bedrooms,bathrooms,squareFootage,yearBuilt,latitude,longitude,listedDate
"23307 Abercorn Ln, Land O Lakes, FL 34639",Land O Lakes,34639,3400,Single Family,4,3.0,3077,,28.209847,-82.427647,2026-08-03
"21027 Voyager Blvd, Apt K8, Land O Lakes, FL 34638",Land O Lakes,34638,1325,Condo,2,1.0,800,,28.216344,-82.467837,2026-08-03
"4786 Ballantrae Blvd, Land O Lakes, FL 34638",Land O Lakes,34638,3200,Single Family,3,2.0,2101,2020.0,28.223013,-82.522079,2026-08-03
"5743 Eden Ln, Land O Lakes, FL 34639",Land O Lakes,34639,2060,Single Family,3,2.0,1288,,28.240479,-82.449326,2026-08-03
"20781 Monza Loop, Land O Lakes, FL 34638",Land O Lakes,34638,3000,Single Family,5,3.0,2615,2022.0,28.258096,-82.479214,2026-08-03
"3247 Chessington Dr, Land O Lakes, FL 34638",Land O Lakes,34638,3355,Single Family,6,3.0,3089,2006.0,28.20473,-82.502528,2026-08-03
"17515 Sandgate Ct, Land O Lakes, FL 34638",Land O Lakes,34638,2400,Single Family,3,3.0,2112,,28.205368,-82.525882,2026-08-03
"18267 Turning Leaf Cir, Land O Lakes, FL 34638",Land O Lakes,34638,2095,Apartment,3,2.0,1516,2022.0,28.31371,-82.513599,2026-08-03
"17051 Lixberry Way, Land O Lakes, FL 34638",Land O Lakes,34638,2470,Single Family,4,2.5,1892,2008.0,28.208982,-82.533038,2026-08-03
"9640 Simeon Dr, Land O Lakes, FL 34638",Land O Lakes,34638,2275,Single Family,3,3.0,1860,,28.297885,-82.503712,2026-08-03
"18447 Red Willow Way, Land O Lakes, FL 34638",Land O Lakes,34638,2675,Single Family,3,2.0,2150,,28.301633,-82.51064,2026-08-03
"5641 Sheer Bliss Loop, Land O Lakes, FL 34639",Land O Lakes,34639,2345,Single Family,4,2.0,1938,,28.239608,-82.442033,2026-08-03
"2330 Tioga Dr, Land O Lakes, FL 34639",Land O Lakes,34639,2295,Single Family,3,2.0,1448,,28.190896,-82.416006,2026-08-03
"17745 Ayrshire Blvd, Land O Lakes, FL 34638",Land O Lakes,34638,2795,Single Family,4,2.5,2539,,28.202116,-82.521777,2026-08-03
"22744 Robins Nest Ct, Land O Lakes, FL 34639",Land O Lakes,34639,3345,Single Family,4,3.0,2930,,28.214529,-82.439319,2026-08-03
"4315 Marchmont Blvd, Land O Lakes, FL 34638",Land O Lakes,34638,2390,Single Family,3,2.0,1837,,28.22046,-82.496215,2026-08-03
"18025 Cypress Bay Pkwy, Land O Lakes, FL 34638",Land O Lakes,34638,2150,Single Family,3,2.0,1484,2008.0,28.303555,-82.516462,2026-08-03
"4313 Longshore Dr, Land O Lakes, FL 34639",Land O Lakes,34639,1965,Single Family,3,2.0,1227,1995.0,28.219834,-82.4347,2026-08-03
"7108 Kendall Heath Way, Land O Lakes, FL 34637",Land O Lakes,34637,2195,Single Family,4,2.0,1415,,28.260858,-82.452532,2026-08-03
"7742 Citrus Blossom Dr, Land O Lakes, FL 34637",Land O Lakes,34637,2115,Single Family,3,2.0,1359,2003.0,28.270541,-82.46746,2026-08-03
"4615 Winding River Way, Land O Lakes, FL 34639",Land O Lakes,34639,1855,Condo,3,2.5,1536,2005.0,28.221848,-82.386729,2026-08-03
"17634 Terrazzo Way, Land O Lakes, FL 34638",Land O Lakes,34638,2700,Townhouse,3,2.0,1755,2017.0,28.218118,-82.525136,2026-08-03
"9253 Black Thorn Loop, Land O Lakes, FL 34638",Land O Lakes,34638,2355,Single Family,4,2.0,1824,2005.0,28.292476,-82.495643,2026-08-03
"10503 Farm Hill Ave, Land O Lakes, FL 34638",Land O Lakes,34638,3800,Single Family,4,3.0,2756,2025.0,28.309803,-82.52367,2026-08-03
"22392 Bellini Cir, Land O Lakes, FL 34639",Land O Lakes,34639,2820,Single Family,4,3.0,2245,2023.0,28.215788,-82.444596,2026-08-03
"29942 Morningmist Dr, Wesley Chapel, FL 33543",Wesley Chapel,33543,2375,Single Family,4,2.0,1665,1998.0,28.183667,-82.32279,2026-08-03
"1430 Maximilian Dr, Wesley Chapel, FL 33543",Wesley Chapel,33543,2765,Single Family,3,2.0,1690,1995.0,28.178011,-82.330814,2026-08-03
"34335 Lodge Dr, Wesley Chapel, FL 33543",Wesley Chapel,33543,1850,Single Family,3,2.0,1456,,28.201079,-82.248291,2026-08-03
"29828 Cooper Rd, Wesley Chapel, FL 33545",Wesley Chapel,33545,2300,Single Family,3,2.0,1440,,28.25093,-82.322623,2026-08-03
"30319 Birdhouse Dr, Wesley Chapel, FL 33545",Wesley Chapel,33545,1970,Single Family,3,2.0,1158,2004.0,28.24735,-82.314636,2026-08-03
"30057 Southwell Ln, Wesley Chapel, FL 33543",Wesley Chapel,33543,2250,Townhouse,3,2.5,1853,2018.0,28.195153,-82.320166,2026-08-03
"31260 Penny Surf Loop, Wesley Chapel, FL 33545",Wesley Chapel,33545,2250,Single Family,3,2.0,1531,,28.276095,-82.299464,2026-08-03
"30151 Barnaby Ln, Wesley Chapel, FL 33543",Wesley Chapel,33543,1850,Single Family,3,2.5,1401,,28.177936,-82.31714,2026-08-03
"4272 Fennwood Ct, Wesley Chapel, FL 33543",Wesley Chapel,33543,2000,Townhouse,3,2.0,1636,2014.0,28.220272,-82.302049,2026-08-03
"3922 Washburn Pl, Wesley Chapel, FL 33543",Wesley Chapel,33543,2200,Single Family,3,2.0,1622,2006.0,28.214104,-82.30303,2026-08-03
"32557 Turtle Grace Loop, # 1, Wesley Chapel, FL 33545",Wesley Chapel,33545,2150,Townhouse,3,3.0,1768,,28.278385,-82.280075,2026-08-03
"28591 Cozy Creek Dr, Wesley Chapel, FL 33543",Wesley Chapel,33543,3295,Single Family,4,3.5,2798,2022.0,28.208367,-82.343779,2026-08-03
"32732 Yasmine Loop, Wesley Chapel, FL 33543",Wesley Chapel,33543,2400,Single Family,4,2.0,1950,2010.0,28.212615,-82.274784,2026-08-03
"1637 Maximilian Dr, Wesley Chapel, FL 33543",Wesley Chapel,33543,2600,Single Family,3,2.0,1850,,28.180707,-82.333187,2026-08-03
"30513 Randall Manor St, Wesley Chapel, FL 33545",Wesley Chapel,33545,2300,Single Family,4,2.0,1665,2005.0,28.272239,-82.311941,2026-08-03
"8004 Pelican Reed Cir, Wesley Chapel, FL 33545",Wesley Chapel,33545,2310,Single Family,3,2.0,1504,,28.273697,-82.29977,2026-08-03
"3636 Grecko Dr, Wesley Chapel, FL 33543",Wesley Chapel,33543,2170,Single Family,3,2.0,1528,,28.210263,-82.270887,2026-08-03
"1046 Napolean Way, Wesley Chapel, FL 33544",Wesley Chapel,33544,2450,Single Family,3,2.0,1882,2005.0,28.172498,-82.386895,2026-08-03
"30250 Rattana Ct, Wesley Chapel, FL 33545",Wesley Chapel,33545,2010,Single Family,3,2.0,1190,,28.250751,-82.315436,2026-08-03
"31832 Spoonflower Cir, Wesley Chapel, FL 33545",Wesley Chapel,33545,2595,Single Family,3,2.5,2260,,28.260435,-82.290134,2026-08-03
"30126 Rattana Ct, Wesley Chapel, FL 33545",Wesley Chapel,33545,2220,Single Family,4,2.5,1891,2005.0,28.250733,-82.317572,2026-08-03
"7726 Bulls Head Dr, Wesley Chapel, FL 33545",Wesley Chapel,33545,2940,Single Family,5,3.0,3393,,28.269927,-82.306525,2026-08-03
"6452 Tabogi Trl, Wesley Chapel, FL 33545",Wesley Chapel,33545,1925,Single Family,3,2.0,1292,2005.0,28.250478,-82.315811,2026-08-03
"28546 Tall Grass Dr, Wesley Chapel, FL 33543",Wesley Chapel,33543,2345,Single Family,3,2.0,1626,,28.171462,-82.343946,2026-08-03
"30618 Double Dr, Wesley Chapel, FL 33545",Wesley Chapel,33545,1985,Single Family,3,2.0,1303,,28.243837,-82.30975,2026-08-03
"5847 Nebraska Ave, New Port Richey, FL 34652",New Port Richey,34652,1350,Single Family,1,1.0,900,,28.24995,-82.717369,2026-08-03
"4282 Rudder Way, New Port Richey, FL 34652",New Port Richey,34652,2000,Single Family,3,2.0,1310,1978.0,28.227969,-82.743341,2026-08-03
"8913 Wood Lake Ct, New Port Richey, FL 34653",New Port Richey,34653,2295,Single Family,4,2.0,1190,,28.223478,-82.667477,2026-08-03
"4618 Audrey Ln, New Port Richey, FL 34652",New Port Richey,34652,1350,Apartment,2,1.0,750,,28.224907,-82.726746,2026-08-03
"5245 Amulet Dr, New Port Richey, FL 34652",New Port Richey,34652,1300,Condo,1,1.0,963,,28.235746,-82.732971,2026-08-03
"5525 Wahoo Ct, New Port Richey, FL 34652",New Port Richey,34652,2100,Townhouse,3,3.0,1607,2022.0,28.239613,-82.732902,2026-08-03
"6413 Sutters Mill Rd, # #fl, New Port Richey, FL 34653",New Port Richey,34653,1525,Single Family,3,2.0,1080,,28.220654,-82.70842,2026-08-03
"9101 Easthaven Ct, New Port Richey, FL 34655",New Port Richey,34655,2249,Single Family,3,2.0,1837,,28.238569,-82.664349,2026-08-03
"5227 Tangerine Dr, New Port Richey, FL 34652",New Port Richey,34652,1500,Single Family,2,1.5,996,1959.0,28.231786,-82.72758,2026-08-03
"3910 Glissade Dr, New Port Richey, FL 34652",New Port Richey,34652,1995,Single Family,3,2.0,1512,,28.215714,-82.744921,2026-08-03
"4916 Gulf Waters Dr, New Port Richey, FL 34652",New Port Richey,34652,2000,Townhouse,3,2.5,1607,2021.0,28.240394,-82.732445,2026-08-03
"7907 Osteen Rd, New Port Richey, FL 34653",New Port Richey,34653,1785,Single Family,3,2.0,1120,,28.272073,-82.682917,2026-08-03
"6029 Bayway Ct, New Port Richey, FL 34652",New Port Richey,34652,6100,Single Family,4,3.0,3064,1986.0,28.246584,-82.739911,2026-08-03
"7801 Glencoe Dr, New Port Richey, FL 34653",New Port Richey,34653,1965,Single Family,3,2.0,1532,,28.272178,-82.685944,2026-08-03
"6214 6216 Massachusetts Ave, New Port Richey, FL 34653",New Port Richey,34653,1300,Apartment,2,1.0,900,,28.258432,-82.711761,2026-08-03
"3516 Teeside Dr, New Port Richey, FL 34655",New Port Richey,34655,1850,Single Family,2,2.0,1288,1980.0,28.210341,-82.653832,2026-08-03
"2910 Yellowhammer Way, New Port Richey, FL 34655",New Port Richey,34655,2375,Single Family,3,2.5,1801,,28.201001,-82.673205,2026-08-03
"7726 Sue Ellen Dr, New Port Richey, FL 34668",New Port Richey,34668,1600,Single Family,2,1.0,864,1977.0,28.324806,-82.686522,2026-08-03
"7148 Ramor Ln, New Port Richey, FL 34653",New Port Richey,34653,1950,Single Family,3,2.0,1173,,28.261462,-82.712008,2026-08-03
"9351 Beaufort Ct, New Port Richey, FL 34654",New Port Richey,34654,2100,Single Family,3,2.0,1819,,28.293661,-82.619407,2026-08-03
"8459 Houndstooth Enclave Dr, New Port Richey, FL 34655",New Port Richey,34655,2499,Single Family,3,2.5,2319,,28.201583,-82.674988,2026-08-03
"7138 Bellaire Ter, New Port Richey, FL 34653",New Port Richey,34653,1350,Single Family,2,1.0,776,1978.0,28.261206,-82.704697,2026-08-03
"2917 Gridiron Isle, New Port Richey, FL 34655",New Port Richey,34655,2499,Single Family,3,2.5,2319,,28.201095,-82.672249,2026-08-03
"2848 Yellowhammer Way, New Port Richey, FL 34655",New Port Richey,34655,2349,Single Family,3,2.5,1801,,28.200135,-82.673199,2026-08-03
"5521 Executive Dr, Apt D5, New Port Richey, FL 34652",New Port Richey,34652,1459,Condo,2,2.0,1000,2006.0,28.239431,-82.717186,2026-08-03
"36148 Risa Michele St, Zephyrhills, FL 33541",Zephyrhills,33541,1850,Townhouse,3,2.0,1634,2026.0,28.231918,-82.219268,2026-08-03
"6851 Ripple Pond Loop, Zephyrhills, FL 33541",Zephyrhills,33541,1900,Single Family,2,2.0,1400,,28.256869,-82.209426,2026-08-03
"5215 Lochmead Ter, Zephyrhills, FL 33541",Zephyrhills,33541,1700,Single Family,2,2.0,1252,,28.233161,-82.236847,2026-08-03
"5410 4th St N, Unit B, Zephyrhills, FL 33542",Zephyrhills,33542,1900,Condo,4,1.0,0,,28.236292,-82.186516,2026-08-03
"35491 Shade Fern Ln, Zephyrhills, FL 33541",Zephyrhills,33541,2095,Single Family,3,2.0,1412,2022.0,28.249362,-82.229579,2026-08-03
"4920 17th St, Zephyrhills, FL 33542",Zephyrhills,33542,1000,Apartment,1,1.0,450,,28.229233,-82.174409,2026-08-03
"39132 Co Rd, # 54, Zephyrhills, FL 33542",Zephyrhills,33542,1400,Condo,2,2.0,864,,28.250528,-82.169083,2026-08-03
"5932 15th St, Zephyrhills, FL 33542",Zephyrhills,33542,1700,Single Family,3,2.0,1326,,28.244336,-82.176483,2026-08-03
"5617 10th St, Zephyrhills, FL 33542",Zephyrhills,33542,1395,Single Family,1,1.0,480,,28.239141,-82.180396,2026-08-03
"38944 New Dennison Ln, Zephyrhills, FL 33542",Zephyrhills,33542,1600,Single Family,3,2.0,534,1960.0,28.256956,-82.17202,2026-08-03
"4352 6th St, Zephyrhills, FL 33542",Zephyrhills,33542,1100,Single Family,1,1.0,494,,28.221304,-82.180807,2026-08-03
"6939 Shelby Lynn Way, Zephyrhills, FL 33542",Zephyrhills,33542,2399,Single Family,5,3.0,2256,,28.258099,-82.208208,2026-08-03
"37956 Dusty Saddle Ln, Zephyrhills, FL 33541",Zephyrhills,33541,2500,Single Family,4,2.5,2297,,28.28242,-82.190789,2026-08-03
"34990 Gravelly Dr, Zephyrhills, FL 33541",Zephyrhills,33541,2400,Single Family,4,2.5,1870,,28.198706,-82.238166,2026-08-03
"3189 Lytton Hall Dr, Zephyrhills, FL 33540",Zephyrhills,33540,2360,Single Family,4,2.0,1817,2020.0,28.203099,-82.161565,2026-08-03
"35227 Brienne St, Zephyrhills, FL 33541",Zephyrhills,33541,1980,Single Family,3,2.0,1501,2022.0,28.211616,-82.234544,2026-08-03
"5168 Crooked Ln, Zephyrhills, FL 33541",Zephyrhills,33541,1525,Single Family,1,1.0,600,,28.232575,-82.205306,2026-08-03
"5150 6th St, Apt 3, Zephyrhills, FL 33542",Zephyrhills,33542,1000,Apartment,1,1.0,600,,28.232796,-82.182274,2026-08-03
"34801 Double Eagle Ct, Zephyrhills, FL 33541",Zephyrhills,33541,2000,Condo,3,2.0,1577,,28.230606,-82.241139,2026-08-03
"38311 A Ave, Zephyrhills, FL 33542",Zephyrhills,33542,1350,Single Family,2,2.0,948,,28.228958,-82.182986,2026-08-03
"5517 18th St, Zephyrhills, FL 33542",Zephyrhills,33542,1395,Single Family,2,1.0,1372,,28.237615,-82.173872,2026-08-03
"36232 Misty Oak Unit Bldg 7 Dr, Unit 204, Zephyrhills, FL 33541",Zephyrhills,33541,1700,Condo,3,2.0,1325,,28.242856,-82.217158,2026-08-03
"7205 Royal George Ct, Zephyrhills, FL 33545",Zephyrhills,33545,2125,Single Family,4,2.0,1544,2005.0,28.262124,-82.305024,2026-08-03
"37819 Alissa Dr, Zephyrhills, FL 33542",Zephyrhills,33542,1450,Condo,2,2.0,864,,28.223474,-82.191176,2026-08-03
"5912 Bramble Bush Ct, Zephyrhills, FL 33541",Zephyrhills,33541,2495,Single Family,4,3.0,2243,2006.0,28.243273,-82.23629,2026-08-03
"22477 Bellini Cir, Land O Lakes, FL 34639",Land O Lakes,34639,2850,Single Family,4,3.0,2245,2023.0,28.215544,-82.44547,2026-08-04
"15833 Pond Rush Ct, Land O Lakes, FL 34638",Land O Lakes,34638,2195,Single Family,3,2.0,2415,,28.311841,-82.553209,2026-08-04
"18934 Randall Pl, Land O Lakes, FL 34638",Land O Lakes,34638,2105,Single Family,3,2.5,1545,2009.0,28.296631,-82.502448,2026-08-04
"19608 Timberbluff Dr, Land O Lakes, FL 34638",Land O Lakes,34638,2895,Single Family,5,3.0,2657,,28.290322,-82.499082,2026-08-04
"20331 Calla Lily Dr, Land O Lakes, FL 34638",Land O Lakes,34638,2625,Single Family,4,2.5,1977,2022.0,28.214129,-82.480706,2026-08-04
"3457 Bellericay Ln, Land O Lakes, FL 34638",Land O Lakes,34638,2130,Single Family,3,2.0,1158,2009.0,28.208457,-82.533862,2026-08-04
"18525 Dajana Ave, Land O Lakes, FL 34638",Land O Lakes,34638,2125,Single Family,3,2.0,1489,,28.299055,-82.50938,2026-08-04
"25924 Terrawood Loop, Land O Lakes, FL 34639",Land O Lakes,34639,2100,Single Family,3,2.0,1340,,28.2221,-82.387022,2026-08-04
"4315 Marchmont Blvd, Land O Lakes, FL 34638",Land O Lakes,34638,2330,Single Family,3,2.0,1837,,28.22046,-82.496215,2026-08-04
"3252 Bridge Haven Dr, Wesley Chapel, FL 33543",Wesley Chapel,33543,2750,Single Family,4,2.5,2297,2022.0,28.204346,-82.254387,2026-08-04
"1641 Firewheel Dr, Wesley Chapel, FL 33543",Wesley Chapel,33543,2450,Single Family,3,2.0,1640,,28.180999,-82.331214,2026-08-04
"8471 Lofty Timber Way, Wesley Chapel, FL 33545",Wesley Chapel,33545,1999,Single Family,3,2.5,1464,,28.280634,-82.300785,2026-08-04
"6452 Tabogi Trl, Wesley Chapel, FL 33545",Wesley Chapel,33545,1935,Single Family,3,2.0,1292,2005.0,28.250478,-82.315811,2026-08-04
"4908 Cactus Needle Ln, Wesley Chapel, FL 33544",Wesley Chapel,33544,1895,Townhouse,3,2.5,1543,,28.228451,-82.361547,2026-08-04
"5152 Blue Roan Way, Wesley Chapel, FL 33544",Wesley Chapel,33544,1995,Single Family,3,2.5,1686,,28.232213,-82.359844,2026-08-04
"27521 St Andrews Ave, Wesley Chapel, FL 33544",Wesley Chapel,33544,2865,Single Family,4,3.0,2222,2023.0,28.246939,-82.361381,2026-08-04
"3989 Windcrest Dr, Wesley Chapel, FL 33544",Wesley Chapel,33544,3100,Single Family,4,3.0,2629,2013.0,28.214211,-82.35646,2026-08-04
"8492 Houndstooth Enclave Dr, New Port Richey, FL 34655",New Port Richey,34655,1970,Single Family,3,2.5,1634,,28.201195,-82.674465,2026-08-04
"3814 Linkwood St, New Port Richey, FL 34652",New Port Richey,34652,1625,Single Family,3,1.0,1104,,28.214597,-82.732028,2026-08-04
"9351 Beaufort Ct, New Port Richey, FL 34654",New Port Richey,34654,2135,Single Family,3,2.0,1819,,28.293661,-82.619407,2026-08-04
"3153 Lodi Dr, New Port Richey, FL 34655",New Port Richey,34655,1800,Single Family,3,2.0,1283,,28.205517,-82.695377,2026-08-04
"8335 Birch Haven Ln, New Port Richey, FL 34655",New Port Richey,34655,2100,Single Family,3,2.5,1634,,28.204404,-82.676928,2026-08-04
"7505 Wimpole Dr, New Port Richey, FL 34655",New Port Richey,34655,1995,Single Family,2,2.0,1268,2001.0,28.195994,-82.690638,2026-08-04
"9101 Easthaven Ct, New Port Richey, FL 34655",New Port Richey,34655,2195,Single Family,3,2.0,1837,,28.238569,-82.664349,2026-08-04
"7140 Bellaire Ter, New Port Richey, FL 34653",New Port Richey,34653,1350,Single Family,2,1.0,776,1978.0,28.261281,-82.704891,2026-08-04
"7839 Putnam Cir, New Port Richey, FL 34655",New Port Richey,34655,2030,Single Family,3,2.0,1475,,28.207018,-82.684649,2026-08-04
"2844 Coach Manors Way, New Port Richey, FL 34655",New Port Richey,34655,2625,Single Family,3,2.5,2466,,28.200218,-82.672511,2026-08-04
"34442 Smart Dr, Zephyrhills, FL 33541",Zephyrhills,33541,1940,Single Family,3,2.0,1224,,28.234806,-82.245003,2026-08-04
"4922 17th St, Zephyrhills, FL 33542",Zephyrhills,33542,1900,Apartment,2,1.0,900,,28.229219,-82.174409,2026-08-04
"7205 Royal George Ct, Zephyrhills, FL 33545",Zephyrhills,33545,2070,Single Family,4,2.0,1544,2005.0,28.262124,-82.305024,2026-08-04
"7413 Pulteney Dr, Zephyrhills, FL 33545",Zephyrhills,33545,2390,Single Family,3,2.0,2042,,28.265068,-82.301231,2026-08-04
"38621 Rose Ln, Zephyrhills, FL 33542",Zephyrhills,33542,1495,Single Family,2,1.0,1040,,28.244865,-82.177078,2026-08-04
"38627 Rose Ln, Zephyrhills, FL 33542",Zephyrhills,33542,1595,Single Family,2,1.0,0,,28.244817,-82.177306,2026-08-04
"36232 Misty Oak Unit Bldg 7 Dr, Unit 204, Zephyrhills, FL 33541",Zephyrhills,33541,1600,Condo,3,2.0,1325,,28.242856,-82.217158,2026-08-04
"37831 Dusty Saddle Ln, Zephyrhills, FL 33541",Zephyrhills,33541,2645,Single Family,5,3.0,2377,2025.0,28.283725,-82.19142,2026-08-04
"31702 Spoonflower Cir, Zephyrhills, FL 33545",Zephyrhills,33545,2375,Single Family,3,2.5,1879,,28.259154,-82.292065,2026-08-04
"5641 Sheer Bliss Loop, Land O Lakes, FL 34639",Land O Lakes,34639,2245,Single Family,4,2.0,1938,,28.239608,-82.442033,2026-08-05
"7742 Citrus Blossom Dr, Land O Lakes, FL 34637",Land O Lakes,34637,2105,Single Family,3,2.0,1359,2003.0,28.270541,-82.46746,2026-08-05
"9320 Black Thorn Loop, Land O Lakes, FL 34638",Land O Lakes,34638,2225,Single Family,3,2.0,1830,2005.0,28.292778,-82.496181,2026-08-05
"1430 Maximilian Dr, Wesley Chapel, FL 33543",Wesley Chapel,33543,2720,Single Family,3,2.0,1690,1995.0,28.178011,-82.330814,2026-08-05
"30250 Rattana Ct, Wesley Chapel, FL 33545",Wesley Chapel,33545,2245,Single Family,3,2.0,1190,,28.250751,-82.315436,2026-08-05
"30319 Birdhouse Dr, Wesley Chapel, FL 33545",Wesley Chapel,33545,1975,Single Family,3,2.0,1158,2004.0,28.24735,-82.314636,2026-08-05
"30057 Southwell Ln, Wesley Chapel, FL 33543",Wesley Chapel,33543,2150,Townhouse,3,2.5,1853,2018.0,28.195153,-82.320166,2026-08-05
"8479 Lofty Timber Way, Wesley Chapel, FL 33545",Wesley Chapel,33545,1999,Single Family,3,2.5,1463,,28.280766,-82.300783,2026-08-05
"4744 Foxhunt Dr, Units 1024 & 1022, Wesley Chapel, FL 33543",Wesley Chapel,33543,3000,Condo,2,2.0,1420,,28.226414,-82.333313,2026-08-05
"6453 Tabogi Trl, Wesley Chapel, FL 33545",Wesley Chapel,33545,1960,Single Family,3,2.0,1292,2005.0,28.250067,-82.31591,2026-08-05
"31832 Spoonflower Cir, Wesley Chapel, FL 33545",Wesley Chapel,33545,2530,Single Family,3,2.5,2260,,28.260435,-82.290134,2026-08-05
"29566 Cedar Waxwing Dr, Wesley Chapel, FL 33545",Wesley Chapel,33545,2660,Single Family,4,2.5,1977,2022.0,28.256365,-82.325479,2026-08-05
"8513 Alpine Meadow Ln, Wesley Chapel, FL 33545",Wesley Chapel,33545,2049,Single Family,3,2.5,1464,,28.281027,-82.299962,2026-08-05
"26926 Stillbrook Dr, Wesley Chapel, FL 33544",Wesley Chapel,33544,2749,Single Family,4,2.5,2278,,28.208558,-82.370747,2026-08-05
"6410 Buckhead Ct, Wesley Chapel, FL 33545",Wesley Chapel,33545,2050,Single Family,3,2.0,1440,2004.0,28.250182,-82.309044,2026-08-05
"4610 Audrey Ln, New Port Richey, FL 34652",New Port Richey,34652,1295,Apartment,2,1.0,750,,28.224897,-82.726898,2026-08-05
"2864 Coach Manors Way, New Port Richey, FL 34655",New Port Richey,34655,2375,Single Family,3,2.5,1801,,28.200487,-82.672512,2026-08-05
"11616 Leda Ln, New Port Richey, FL 34654",New Port Richey,34654,2180,Single Family,3,2.0,1675,,28.269806,-82.622816,2026-08-05
"35491 Shade Fern Ln, Zephyrhills, FL 33541",Zephyrhills,33541,1970,Single Family,3,2.0,1412,2022.0,28.249362,-82.229579,2026-08-05
"6035 Pointe Pleasant Blvd, Zephyrhills, FL 33545",Zephyrhills,33545,2155,Single Family,4,2.0,1415,,28.244949,-82.342735,2026-08-05
"4719 Tangelo Dr, Zephyrhills, FL 33541",Zephyrhills,33541,1800,Single Family,2,2.0,1517,,28.22587,-82.24379,2026-08-05
"4550 Charter St, Zephyrhills, FL 33542",Zephyrhills,33542,1495,Single Family,2,2.0,1008,1989.0,28.224135,-82.184761,2026-08-05
"37739 Rattlesnake Trl, Zephyrhills, FL 33541",Zephyrhills,33541,2365,Single Family,4,2.5,1977,2026.0,28.283037,-82.192142,2026-08-05
"3457 Bellericay Ln, Land O Lakes, FL 34638",Land O Lakes,34638,2040,Single Family,3,2.0,1158,2009.0,28.208457,-82.533862,2026-08-06
"18447 Red Willow Way, Land O Lakes, FL 34638",Land O Lakes,34638,2595,Single Family,3,2.0,2150,,28.301633,-82.51064,2026-08-06
"2546 Bartolo Dr, Land O Lakes, FL 34639",Land O Lakes,34639,2695,Single Family,3,2.0,1979,,28.193581,-82.419453,2026-08-06
"18025 Cypress Bay Pkwy, Land O Lakes, FL 34638",Land O Lakes,34638,2130,Single Family,3,2.0,1484,2008.0,28.303555,-82.516462,2026-08-06
"17051 Lixberry Way, Land O Lakes, FL 34638",Land O Lakes,34638,2415,Single Family,4,2.5,1892,2008.0,28.208982,-82.533038,2026-08-06
"18934 Randall Pl, Land O Lakes, FL 34638",Land O Lakes,34638,2085,Single Family,3,2.5,1545,2009.0,28.296631,-82.502448,2026-08-06
"9253 Black Thorn Loop, Land O Lakes, FL 34638",Land O Lakes,34638,2295,Single Family,4,2.0,1824,2005.0,28.292476,-82.495643,2026-08-06
"7742 Citrus Blossom Dr, Land O Lakes, FL 34637",Land O Lakes,34637,2085,Single Family,3,2.0,1359,2003.0,28.270541,-82.46746,2026-08-06
"4615 Winding River Way, Land O Lakes, FL 34639",Land O Lakes,34639,1835,Condo,3,2.5,1536,2005.0,28.221848,-82.386729,2026-08-06
"17634 Terrazzo Way, Land O Lakes, FL 34638",Land O Lakes,34638,2600,Townhouse,3,2.0,1755,2017.0,28.218118,-82.525136,2026-08-06
"30319 Birdhouse Dr, Wesley Chapel, FL 33545",Wesley Chapel,33545,1945,Single Family,3,2.0,1158,2004.0,28.24735,-82.314636,2026-08-06
"29942 Morningmist Dr, Wesley Chapel, FL 33543",Wesley Chapel,33543,2340,Single Family,4,2.0,1665,1998.0,28.183667,-82.32279,2026-08-06
"3636 Grecko Dr, Wesley Chapel, FL 33543",Wesley Chapel,33543,2140,Single Family,3,2.0,1528,,28.210263,-82.270887,2026-08-06
"30250 Rattana Ct, Wesley Chapel, FL 33545",Wesley Chapel,33545,2210,Single Family,3,2.0,1190,,28.250751,-82.315436,2026-08-06
"6452 Tabogi Trl, Wesley Chapel, FL 33545",Wesley Chapel,33545,1910,Single Family,3,2.0,1292,2005.0,28.250478,-82.315811,2026-08-06
"1430 Maximilian Dr, Wesley Chapel, FL 33543",Wesley Chapel,33543,2680,Single Family,3,2.0,1690,1995.0,28.178011,-82.330814,2026-08-06
"31177 Monterey Pine St, Wesley Chapel, FL 33545",Wesley Chapel,33545,2049,Single Family,3,2.5,1464,,28.281581,-82.300795,2026-08-06
"27619 St Andrews Ave, Wesley Chapel, FL 33544",Wesley Chapel,33544,2865,Single Family,4,3.0,2222,2023.0,28.247367,-82.359893,2026-08-06
"27438 St Andrews Ave, Wesley Chapel, FL 33544",Wesley Chapel,33544,2710,Single Family,4,2.5,1977,2023.0,28.24614,-82.362448,2026-08-06
"30126 Rattana Ct, Wesley Chapel, FL 33545",Wesley Chapel,33545,2200,Single Family,4,2.5,1891,2005.0,28.250733,-82.317572,2026-08-06
"5917 Missouri Ave, New Port Richey, FL 34652",New Port Richey,34652,2780,Single Family,3,2.0,1007,,28.249329,-82.71645,2026-08-06
"9351 Beaufort Ct, New Port Richey, FL 34654",New Port Richey,34654,2105,Single Family,3,2.0,1819,,28.293661,-82.619407,2026-08-06
"4424-A Terry Loop, New Port Richey, FL 34652",New Port Richey,34652,1500,Single Family,2,1.0,750,,28.222286,-82.729889,2026-08-06
"6413 Sutters Mill Rd, # #fl, New Port Richey, FL 34653",New Port Richey,34653,1499,Single Family,3,2.0,1080,,28.220654,-82.70842,2026-08-06
"4829 6th St, Zephyrhills, FL 33542",Zephyrhills,33542,1095,Single Family,1,1.0,751,1925.0,28.227954,-82.181338,2026-08-06
"34442 Smart Dr, Zephyrhills, FL 33541",Zephyrhills,33541,1915,Single Family,3,2.0,1224,,28.234806,-82.245003,2026-08-06
"6035 Pointe Pleasant Blvd, Zephyrhills, FL 33545",Zephyrhills,33545,2120,Single Family,4,2.0,1415,,28.244949,-82.342735,2026-08-06
"7725 Forbes Rd, Zephyrhills, FL 33540",Zephyrhills,33540,1150,Single Family,2,1.0,784,,28.269436,-82.155426,2026-08-06
"4734 20th St, Zephyrhills, FL 33542",Zephyrhills,33542,1400,Single Family,2,1.0,810,,28.226715,-82.171313,2026-08-06
"25924 Terrawood Loop, Land O Lakes, FL 34639",Land O Lakes,34639,2105,Single Family,3,2.0,1340,,28.2221,-82.387022,2026-08-07
"1430 Maximilian Dr, Wesley Chapel, FL 33543",Wesley Chapel,33543,2685,Single Family,3,2.0,1690,1995.0,28.178011,-82.330814,2026-08-07
"30319 Birdhouse Dr, Wesley Chapel, FL 33545",Wesley Chapel,33545,1910,Single Family,3,2.0,1158,2004.0,28.24735,-82.314636,2026-08-07
"2404 Spring Hollow Loop, Wesley Chapel, FL 33544",Wesley Chapel,33544,2395,Single Family,3,2.5,2278,,28.191511,-82.356942,2026-08-07
"8471 Lofty Timber Way, Wesley Chapel, FL 33545",Wesley Chapel,33545,1975,Single Family,3,2.5,1464,,28.280634,-82.300785,2026-08-07
"8513 Alpine Meadow Ln, Wesley Chapel, FL 33545",Wesley Chapel,33545,2025,Single Family,3,2.5,1464,,28.281027,-82.299962,2026-08-07
"31177 Monterey Pine St, Wesley Chapel, FL 33545",Wesley Chapel,33545,2025,Single Family,3,2.5,1464,,28.281581,-82.300795,2026-08-07
"26702 Middleground Loop, Wesley Chapel, FL 33544",Wesley Chapel,33544,2800,Single Family,3,2.0,1870,1999.0,28.236936,-82.374585,2026-08-07
"30035 Morningmist Dr, Wesley Chapel, FL 33543",Wesley Chapel,33543,2550,Single Family,4,2.0,1833,,28.181865,-82.321778,2026-08-07
"9351 Beaufort Ct, New Port Richey, FL 34654",New Port Richey,34654,2065,Single Family,3,2.0,1819,,28.293661,-82.619407,2026-08-07
"5443 Beach St, New Port Richey, FL 34652",New Port Richey,34652,1395,Apartment,2,1.0,850,,28.238647,-82.71696,2026-08-07
"5847 Nebraska Ave, New Port Richey, FL 34652",New Port Richey,34652,1200,Single Family,1,1.0,1100,,28.24995,-82.717369,2026-08-07
"8459 Houndstooth Enclave Dr, New Port Richey, FL 34655",New Port Richey,34655,2449,Single Family,3,2.5,2319,,28.201583,-82.674988,2026-08-07
"2917 Gridiron Isle, New Port Richey, FL 34655",New Port Richey,34655,2449,Single Family,3,2.5,2319,,28.201095,-82.672249,2026-08-07
"2546 Bartolo Dr, Land O Lakes, FL 34639",Land O Lakes,34639,2630,Single Family,3,2.0,1979,,28.193581,-82.419453,2026-08-08
"15833 Pond Rush Ct, Land O Lakes, FL 34638",Land O Lakes,34638,2130,Single Family,3,2.0,2415,,28.311841,-82.553209,2026-08-08
"7108 Kendall Heath Way, Land O Lakes, FL 34637",Land O Lakes,34637,2130,Single Family,4,2.0,1415,,28.260858,-82.452532,2026-08-08
"3636 Grecko Dr, Wesley Chapel, FL 33543",Wesley Chapel,33543,2130,Single Family,3,2.0,1528,,28.210263,-82.270887,2026-08-08
"27695 St Andrews Ave, Wesley Chapel, FL 33544",Wesley Chapel,33544,2865,Single Family,4,3.0,2222,2023.0,28.247865,-82.359063,2026-08-08
"5917 Missouri Ave, New Port Richey, FL 34652",New Port Richey,34652,1935,Single Family,3,2.0,1007,,28.249329,-82.71645,2026-08-08
"9135 Maynard Ave, New Port Richey, FL 34654",New Port Richey,34654,1515,Single Family,2,2.0,846,,28.282229,-82.663675,2026-08-08
"6839 Forest Ave, New Port Richey, FL 34653",New Port Richey,34653,1095,Single Family,1,1.0,620,,28.257242,-82.713661,2026-08-08
"9101 Easthaven Ct, New Port Richey, FL 34655",New Port Richey,34655,2140,Single Family,3,2.0,1837,,28.238569,-82.664349,2026-08-08
"3910 Glissade Dr, New Port Richey, FL 34652",New Port Richey,34652,1935,Single Family,3,2.0,1512,,28.215714,-82.744921,2026-08-08
"7552 Cumber Dr, New Port Richey, FL 34653",New Port Richey,34653,1600,Single Family,2,1.5,1193,1972.0,28.260934,-82.689296,2026-08-08
"25924 Terrawood Loop, Land O Lakes, FL 34639",Land O Lakes,34639,2070,Single Family,3,2.0,1340,,28.2221,-82.387022,2026-08-09
"18525 Dajana Ave, Land O Lakes, FL 34638",Land O Lakes,34638,2120,Single Family,3,2.0,1489,,28.299055,-82.50938,2026-08-09
"15807 Leatherleaf Ln, Land O Lakes, FL 34638",Land O Lakes,34638,2200,Condo,4,2.0,2081,2005.0,28.314346,-82.554105,2026-08-09
"4944 Cactus Needle Ln, Wesley Chapel, FL 33544",Wesley Chapel,33544,1895,Townhouse,3,2.5,1534,,28.229334,-82.360881,2026-08-09
"4836 San Martino Dr, Wesley Chapel, FL 33543",Wesley Chapel,33543,2300,Condo,3,2.0,1827,2020.0,28.226586,-82.344407,2026-08-09
"31260 Penny Surf Loop, Wesley Chapel, FL 33545",Wesley Chapel,33545,2200,Single Family,3,2.0,1531,,28.276095,-82.299464,2026-08-09
"1430 Maximilian Dr, Wesley Chapel, FL 33543",Wesley Chapel,33543,2690,Single Family,3,2.0,1690,1995.0,28.178011,-82.330814,2026-08-09
"3636 Grecko Dr, Wesley Chapel, FL 33543",Wesley Chapel,33543,2105,Single Family,3,2.0,1528,,28.210263,-82.270887,2026-08-09
"4712 Lagona Ln, Wesley Chapel, FL 33543",Wesley Chapel,33543,2375,Condo,3,2.0,1827,2020.0,28.225002,-82.34517,2026-08-09
"5440 James St, New Port Richey, FL 34652",New Port Richey,34652,1900,Condo,0,,1575,,28.238689,-82.723681,2026-08-09
"6921 Washington St, Unit 6921-3, New Port Richey, FL 34652",New Port Richey,34652,1499,Condo,2,1.0,750,,28.257969,-82.719803,2026-08-09
"3212 Town Ave, New Port Richey, FL 34655",New Port Richey,34655,2675,Condo,3,3.0,2010,2001.0,28.205864,-82.644446,2026-08-09
"3526 Martell St, New Port Richey, FL 34655",New Port Richey,34655,1595,Condo,3,2.0,1500,1979.0,28.21047,-82.686562,2026-08-09
"5917 Missouri Ave, New Port Richey, FL 34652",New Port Richey,34652,1940,Single Family,3,2.0,1007,,28.249329,-82.71645,2026-08-09
"5567 Sea Forest Dr, Apt 322, New Port Richey, FL 34652",New Port Richey,34652,1695,Condo,2,2.0,994,1992.0,28.240355,-82.734638,2026-08-09
"5023 Osprey Ln, New Port Richey, FL 34652",New Port Richey,34652,1395,Condo,2,1.0,816,,28.263258,-82.731088,2026-08-09
"4847 20th St, Zephyrhills, FL 33542",Zephyrhills,33542,1295,Condo,2,1.0,1250,1985.0,28.228401,-82.171829,2026-08-09
"3619 Zephyr Preserve Pl, Zephyrhills, FL 33541",Zephyrhills,33541,1900,Condo,3,2.0,1500,2021.0,28.209678,-82.235764,2026-08-09
"5908 Brickleberry Ln, Unit 106, Zephyrhills, FL 33541",Zephyrhills,33541,1400,Condo,2,2.0,1062,2002.0,28.243137,-82.220628,2026-08-09
"3457 Bellericay Ln, Land O Lakes, FL 34638",Land O Lakes,34638,2000,Single Family,3,2.0,1158,2009.0,28.208457,-82.533862,2026-08-10
"30250 Rattana Ct, Wesley Chapel, FL 33545",Wesley Chapel,33545,2145,Single Family,3,2.0,1190,,28.250751,-82.315436,2026-08-10
"29542 Cedar Waxwing Dr, Wesley Chapel, FL 33545",Wesley Chapel,33545,2425,Single Family,3,2.0,1588,2022.0,28.256035,-82.325482,2026-08-10
"30319 Birdhouse Dr, Wesley Chapel, FL 33545",Wesley Chapel,33545,1915,Single Family,3,2.0,1158,2004.0,28.24735,-82.314636,2026-08-10
"9351 Beaufort Ct, New Port Richey, FL 34654",New Port Richey,34654,2070,Single Family,3,2.0,1819,,28.293661,-82.619407,2026-08-10
"37819 Alissa Dr, Zephyrhills, FL 33542",Zephyrhills,33542,1650,Condo,2,2.0,864,,28.223474,-82.191176,2026-08-10
"25924 Terrawood Loop, Land O Lakes, FL 34639",Land O Lakes,34639,2075,Single Family,3,2.0,1340,,28.2221,-82.387022,2026-08-11
"4315 Marchmont Blvd, Land O Lakes, FL 34638",Land O Lakes,34638,2270,Single Family,3,2.0,1837,,28.22046,-82.496215,2026-08-11
"22744 Robins Nest Ct, Land O Lakes, FL 34639",Land O Lakes,34639,3260,Single Family,4,3.0,2930,,28.214529,-82.439319,2026-08-11
"15833 Pond Rush Ct, Land O Lakes, FL 34638",Land O Lakes,34638,2075,Single Family,3,2.0,2415,,28.311841,-82.553209,2026-08-11
"3226 Bellericay Ln, Land O Lakes, FL 34638",Land O Lakes,34638,2195,Single Family,3,2.0,1461,2007.0,28.204691,-82.53231,2026-08-11
"23106 Mayfair Rd, Land O Lakes, FL 34639",Land O Lakes,34639,2000,Single Family,3,2.0,1423,,28.226826,-82.433686,2026-08-11
"25213 Hyde Park Blvd, Land O Lakes, FL 34639",Land O Lakes,34639,2240,Single Family,4,2.0,1874,,28.201542,-82.399093,2026-08-11
"19542 Timberbluff Dr, Land O Lakes, FL 34638",Land O Lakes,34638,2495,Single Family,3,2.5,2478,,28.291339,-82.49882,2026-08-11
"6452 Tabogi Trl, Wesley Chapel, FL 33545",Wesley Chapel,33545,1890,Single Family,3,2.0,1292,2005.0,28.250478,-82.315811,2026-08-11
"1430 Maximilian Dr, Wesley Chapel, FL 33543",Wesley Chapel,33543,2695,Single Family,3,2.0,1690,1995.0,28.178011,-82.330814,2026-08-11
"27952 Madison Green Way, Wesley Chapel, FL 33544",Wesley Chapel,33544,2655,Single Family,4,2.5,1977,,28.254883,-82.356818,2026-08-11
"3065 Pinnacle Peak Dr, New Port Richey, FL 34655",New Port Richey,34655,1970,Single Family,3,2.5,1634,,28.203311,-82.678255,2026-08-11
"3516 Teeside Dr, New Port Richey, FL 34655",New Port Richey,34655,1800,Single Family,2,2.0,1288,1980.0,28.210341,-82.653832,2026-08-11
"6240A Fairskies Dr, New Port Richey, FL 34655",New Port Richey,34655,2500,Single Family,2,2.0,1558,,28.249878,-82.656197,2026-08-11
"38944 New Dennison Ln, Zephyrhills, FL 33542",Zephyrhills,33542,1550,Single Family,3,2.0,534,1960.0,28.256956,-82.17202,2026-08-11
"35491 Shade Fern Ln, Zephyrhills, FL 33541",Zephyrhills,33541,1900,Single Family,3,2.0,1412,2022.0,28.249362,-82.229579,2026-08-11
"37849 Dusty Saddle Ln, Zephyrhills, FL 33541",Zephyrhills,33541,2165,Single Family,3,2.0,1700,2025.0,28.283726,-82.191109,2026-08-11
"21402 Preservation Dr, Land O Lakes, FL 34638",Land O Lakes,34638,3290,Single Family,4,2.5,2509,,28.239543,-82.462171,2026-08-12
"18525 Dajana Ave, Land O Lakes, FL 34638",Land O Lakes,34638,2255,Single Family,3,2.0,1489,,28.299055,-82.50938,2026-08-12
"22721 Beltrees Ct, Land O Lakes, FL 34639",Land O Lakes,34639,2549,Single Family,3,2.0,2057,,28.225601,-82.440026,2026-08-12
"18447 Red Willow Way, Land O Lakes, FL 34638",Land O Lakes,34638,2530,Single Family,3,2.0,2150,,28.301633,-82.51064,2026-08-12
"4786 Ballantrae Blvd, Land O Lakes, FL 34638",Land O Lakes,34638,3100,Single Family,3,2.0,2101,2020.0,28.223013,-82.522079,2026-08-12
"19408 Otters Wick Way, Land O Lakes, FL 34638",Land O Lakes,34638,2245,Single Family,3,2.0,1598,,28.219469,-82.494875,2026-08-12
"30319 Birdhouse Dr, Wesley Chapel, FL 33545",Wesley Chapel,33545,1875,Single Family,3,2.0,1158,2004.0,28.24735,-82.314636,2026-08-12
"5840 Carina Trce, Wesley Chapel, FL 33545",Wesley Chapel,33545,3199,Single Family,5,3.0,3388,,28.242238,-82.327592,2026-08-12
"5917 Missouri Ave, New Port Richey, FL 34652",New Port Richey,34652,1945,Single Family,3,2.0,1007,,28.249329,-82.71645,2026-08-12
"3065 Pinnacle Peak Dr, New Port Richey, FL 34655",New Port Richey,34655,2075,Single Family,3,2.5,1634,,28.203311,-82.678255,2026-08-12
"3910 Glissade Dr, New Port Richey, FL 34652",New Port Richey,34652,1885,Single Family,3,2.0,1512,,28.215714,-82.744921,2026-08-12
"3189 Lytton Hall Dr, Zephyrhills, FL 33540",Zephyrhills,33540,2315,Single Family,4,2.0,1817,2020.0,28.203099,-82.161565,2026-08-12
"5225 11th St, Zephyrhills, FL 33542",Zephyrhills,33542,1795,Single Family,3,2.0,796,,28.233456,-82.1761,2026-08-12
"6035 Pointe Pleasant Blvd, Zephyrhills, FL 33545",Zephyrhills,33545,2080,Single Family,4,2.0,1415,,28.244949,-82.342735,2026-08-12
"31702 Spoonflower Cir, Zephyrhills, FL 33545",Zephyrhills,33545,2315,Single Family,3,2.5,1879,,28.259154,-82.292065,2026-08-12
"18447 Red Willow Way, Land O Lakes, FL 34638",Land O Lakes,34638,2520,Single Family,3,2.0,2150,,28.301633,-82.51064,2026-08-13
"25924 Terrawood Loop, Land O Lakes, FL 34639",Land O Lakes,34639,2060,Single Family,3,2.0,1340,,28.2221,-82.387022,2026-08-13
"10503 Farm Hill Ave, Land O Lakes, FL 34638",Land O Lakes,34638,3500,Single Family,4,3.0,2756,2025.0,28.309803,-82.52367,2026-08-13
"22407 Bellini Cir, Land O Lakes, FL 34639",Land O Lakes,34639,2820,Single Family,4,3.0,2245,2022.0,28.215575,-82.444074,2026-08-13
"18269 Falling Pine Needle Ln, Land O Lakes, FL 34638",Land O Lakes,34638,2395,Single Family,4,2.0,1829,,28.311752,-82.51378,2026-08-13
"7742 Citrus Blossom Dr, Land O Lakes, FL 34637",Land O Lakes,34637,2065,Single Family,3,2.0,1359,2003.0,28.270541,-82.46746,2026-08-13
"18025 Cypress Bay Pkwy, Land O Lakes, FL 34638",Land O Lakes,34638,2100,Single Family,3,2.0,1484,2008.0,28.303555,-82.516462,2026-08-13
"20781 Monza Loop, Land O Lakes, FL 34638",Land O Lakes,34638,2999,Single Family,5,3.0,2615,2022.0,28.258096,-82.479214,2026-08-13
"17051 Lixberry Way, Land O Lakes, FL 34638",Land O Lakes,34638,2390,Single Family,4,2.5,1892,2008.0,28.208982,-82.533038,2026-08-13
"1430 Maximilian Dr, Wesley Chapel, FL 33543",Wesley Chapel,33543,3930,Single Family,3,2.0,1690,1995.0,28.178011,-82.330814,2026-08-13
"3636 Grecko Dr, Wesley Chapel, FL 33543",Wesley Chapel,33543,2085,Single Family,3,2.0,1528,,28.210263,-82.270887,2026-08-13
"32382 Weathered Oak Dr, Wesley Chapel, FL 33543",Wesley Chapel,33543,2595,Single Family,4,2.0,1665,,28.186312,-82.281128,2026-08-13
"30126 Rattana Ct, Wesley Chapel, FL 33545",Wesley Chapel,33545,2165,Single Family,4,2.5,1891,2005.0,28.250733,-82.317572,2026-08-13
"5152 Blue Roan Way, Wesley Chapel, FL 33544",Wesley Chapel,33544,1945,Single Family,3,2.5,1686,,28.232213,-82.359844,2026-08-13
"5917 Missouri Ave, New Port Richey, FL 34652",New Port Richey,34652,1890,Single Family,3,2.0,1007,,28.249329,-82.71645,2026-08-13
"9351 Beaufort Ct, New Port Richey, FL 34654",New Port Richey,34654,2075,Single Family,3,2.0,1819,,28.293661,-82.619407,2026-08-13
"3385 Lapis Lake Dr, Zephyrhills, FL 33541",Zephyrhills,33541,2100,Townhouse,3,3.0,1807,,28.206463,-82.218651,2026-08-13
