id,formattedAddress,addressLine1,addressLine2,city,state,stateFips,zipCode,county,countyFips,latitude,longitude,propertyType,bedrooms,bathrooms,squareFootage,status,price,listingType,listedDate,removedDate,createdDate,lastSeenDate,daysOnMarket,meta_source_county,meta_source_city,history.2025-05-17.event,history.2025-05-17.price,history.2025-05-17.listingType,history.2025-05-17.listedDate,history.2025-05-17.removedDate,history.2025-05-17.daysOnMarket,history.2026-06-02.event,history.2026-06-02.price,history.2026-06-02.listingType,history.2026-06-02.listedDate,history.2026-06-02.removedDate,history.2026-06-02.daysOnMarket,history.2026-08-03.event,history.2026-08-03.price,history.2026-08-03.listingType,history.2026-08-03.listedDate,history.2026-08-03.removedDate,history.2026-08-03.daysOnMarket,history.2026-07-21.event,history.2026-07-21.price,history.2026-07-21.listingType,history.2026-07-21.listedDate,history.2026-07-21.removedDate,history.2026-07-21.daysOnMarket,lotSize,yearBuilt,hoa.fee,history.2025-06-01.event,history.2025-06-01.price,history.2025-06-01.listingType,history.2025-06-01.listedDate,history.2025-06-01.removedDate,history.2025-06-01.daysOnMarket,history.2025-07-25.event,history.2025-07-25.price,history.2025-07-25.listingType,history.2025-07-25.listedDate,history.2025-07-25.removedDate,history.2025-07-25.daysOnMarket,history.2026-07-16.event,history.2026-07-16.price,history.2026-07-16.listingType,history.2026-07-16.listedDate,history.2026-07-16.removedDate,history.2026-07-16.daysOnMarket,history.2026-03-14.event,history.2026-03-14.price,history.2026-03-14.listingType,history.2026-03-14.listedDate,history.2026-03-14.removedDate,history.2026-03-14.daysOnMarket,history.2026-04-22.event,history.2026-04-22.price,history.2026-04-22.listingType,history.2026-04-22.listedDate,history.2026-04-22.removedDate,history.2026-04-22.daysOnMarket,history.2026-03-16.event,history.2026-03-16.price,history.2026-03-16.listingType,history.2026-03-16.listedDate,history.2026-03-16.removedDate,history.2026-03-16.daysOnMarket,history.2026-07-26.event,history.2026-07-26.price,history.2026-07-26.listingType,history.2026-07-26.listedDate,history.2026-07-26.removedDate,history.2026-07-26.daysOnMarket,history.2026-06-18.event,history.2026-06-18.price,history.2026-06-18.listingType,history.2026-06-18.listedDate,history.2026-06-18.removedDate,history.2026-06-18.daysOnMarket,history.2025-06-03.event,history.2025-06-03.price,history.2025-06-03.listingType,history.2025-06-03.listedDate,history.2025-06-03.removedDate,history.2025-06-03.daysOnMarket,history.2026-05-13.event,history.2026-05-13.price,history.2026-05-13.listingType,history.2026-05-13.listedDate,history.2026-05-13.removedDate,history.2026-05-13.daysOnMarket,history.2026-06-03.event,history.2026-06-03.price,history.2026-06-03.listingType,history.2026-06-03.listedDate,history.2026-06-03.removedDate,history.2026-06-03.daysOnMarket,history.2025-07-12.event,history.2025-07-12.price,history.2025-07-12.listingType,history.2025-07-12.listedDate,history.2025-07-12.removedDate,history.2025-07-12.daysOnMarket,history.2025-09-04.event,history.2025-09-04.price,history.2025-09-04.listingType,history.2025-09-04.listedDate,history.2025-09-04.removedDate,history.2025-09-04.daysOnMarket,history.2025-10-04.event,history.2025-10-04.price,history.2025-10-04.listingType,history.2025-10-04.listedDate,history.2025-10-04.removedDate,history.2025-10-04.daysOnMarket,history.2025-11-05.event,history.2025-11-05.price,history.2025-11-05.listingType,history.2025-11-05.listedDate,history.2025-11-05.removedDate,history.2025-11-05.daysOnMarket,history.2025-11-10.event,history.2025-11-10.price,history.2025-11-10.listingType,history.2025-11-10.listedDate,history.2025-11-10.removedDate,history.2025-11-10.daysOnMarket,history.2025-12-02.event,history.2025-12-02.price,history.2025-12-02.listingType,history.2025-12-02.listedDate,history.2025-12-02.removedDate,history.2025-12-02.daysOnMarket,history.2025-12-21.event,history.2025-12-21.price,history.2025-12-21.listingType,history.2025-12-21.listedDate,history.2025-12-21.removedDate,history.2025-12-21.daysOnMarket,history.2026-02-08.event,history.2026-02-08.price,history.2026-02-08.listingType,history.2026-02-08.listedDate,history.2026-02-08.removedDate,history.2026-02-08.daysOnMarket,history.2026-02-21.event,history.2026-02-21.price,history.2026-02-21.listingType,history.2026-02-21.listedDate,history.2026-02-21.removedDate,history.2026-02-21.daysOnMarket,history.2026-07-02.event,history.2026-07-02.price,history.2026-07-02.listingType,history.2026-07-02.listedDate,history.2026-07-02.removedDate,history.2026-07-02.daysOnMarket,history.2026-02-12.event,history.2026-02-12.price,history.2026-02-12.listingType,history.2026-02-12.listedDate,history.2026-02-12.removedDate,history.2026-02-12.daysOnMarket,history.2025-09-03.event,history.2025-09-03.price,history.2025-09-03.listingType,history.2025-09-03.listedDate,history.2025-09-03.removedDate,history.2025-09-03.daysOnMarket,history.2026-01-04.event,history.2026-01-04.price,history.2026-01-04.listingType,history.2026-01-04.listedDate,history.2026-01-04.removedDate,history.2026-01-04.daysOnMarket,history.2026-01-12.event,history.2026-01-12.price,history.2026-01-12.listingType,history.2026-01-12.listedDate,history.2026-01-12.removedDate,history.2026-01-12.daysOnMarket,history.2026-04-10.event,history.2026-04-10.price,history.2026-04-10.listingType,history.2026-04-10.listedDate,history.2026-04-10.removedDate,history.2026-04-10.daysOnMarket,history.2026-04-12.event,history.2026-04-12.price,history.2026-04-12.listingType,history.2026-04-12.listedDate,history.2026-04-12.removedDate,history.2026-04-12.daysOnMarket,history.2026-04-20.event,history.2026-04-20.price,history.2026-04-20.listingType,history.2026-04-20.listedDate,history.2026-04-20.removedDate,history.2026-04-20.daysOnMarket,history.2026-05-18.event,history.2026-05-18.price,history.2026-05-18.listingType,history.2026-05-18.listedDate,history.2026-05-18.removedDate,history.2026-05-18.daysOnMarket,history.2026-06-16.event,history.2026-06-16.price,history.2026-06-16.listingType,history.2026-06-16.listedDate,history.2026-06-16.removedDate,history.2026-06-16.daysOnMarket,history.2026-05-17.event,history.2026-05-17.price,history.2026-05-17.listingType,history.2026-05-17.listedDate,history.2026-05-17.removedDate,history.2026-05-17.daysOnMarket,history.2025-01-17.event,history.2025-01-17.price,history.2025-01-17.listingType,history.2025-01-17.listedDate,history.2025-01-17.removedDate,history.2025-01-17.daysOnMarket,history.2025-06-26.event,history.2025-06-26.price,history.2025-06-26.listingType,history.2025-06-26.listedDate,history.2025-06-26.removedDate,history.2025-06-26.daysOnMarket,history.2026-01-28.event,history.2026-01-28.price,history.2026-01-28.listingType,history.2026-01-28.listedDate,history.2026-01-28.removedDate,history.2026-01-28.daysOnMarket,history.2026-03-02.event,history.2026-03-02.price,history.2026-03-02.listingType,history.2026-03-02.listedDate,history.2026-03-02.removedDate,history.2026-03-02.daysOnMarket,history.2026-04-02.event,history.2026-04-02.price,history.2026-04-02.listingType,history.2026-04-02.listedDate,history.2026-04-02.removedDate,history.2026-04-02.daysOnMarket,history.2026-04-24.event,history.2026-04-24.price,history.2026-04-24.listingType,history.2026-04-24.listedDate,history.2026-04-24.removedDate,history.2026-04-24.daysOnMarket,history.2026-06-13.event,history.2026-06-13.price,history.2026-06-13.listingType,history.2026-06-13.listedDate,history.2026-06-13.removedDate,history.2026-06-13.daysOnMarket,history.2026-06-30.event,history.2026-06-30.price,history.2026-06-30.listingType,history.2026-06-30.listedDate,history.2026-06-30.removedDate,history.2026-06-30.daysOnMarket,history.2024-10-28.event,history.2024-10-28.price,history.2024-10-28.listingType,history.2024-10-28.listedDate,history.2024-10-28.removedDate,history.2024-10-28.daysOnMarket,history.2024-11-22.event,history.2024-11-22.price,history.2024-11-22.listingType,history.2024-11-22.listedDate,history.2024-11-22.removedDate,history.2024-11-22.daysOnMarket,history.2025-01-29.event,history.2025-01-29.price,history.2025-01-29.listingType,history.2025-01-29.listedDate,history.2025-01-29.removedDate,history.2025-01-29.daysOnMarket,history.2025-03-06.event,history.2025-03-06.price,history.2025-03-06.listingType,history.2025-03-06.listedDate,history.2025-03-06.removedDate,history.2025-03-06.daysOnMarket,history.2025-07-23.event,history.2025-07-23.price,history.2025-07-23.listingType,history.2025-07-23.listedDate,history.2025-07-23.removedDate,history.2025-07-23.daysOnMarket,history.2025-08-18.event,history.2025-08-18.price,history.2025-08-18.listingType,history.2025-08-18.listedDate,history.2025-08-18.removedDate,history.2025-08-18.daysOnMarket,history.2025-11-09.event,history.2025-11-09.price,history.2025-11-09.listingType,history.2025-11-09.listedDate,history.2025-11-09.removedDate,history.2025-11-09.daysOnMarket,history.2025-12-03.event,history.2025-12-03.price,history.2025-12-03.listingType,history.2025-12-03.listedDate,history.2025-12-03.removedDate,history.2025-12-03.daysOnMarket,history.2025-04-17.event,history.2025-04-17.price,history.2025-04-17.listingType,history.2025-04-17.listedDate,history.2025-04-17.removedDate,history.2025-04-17.daysOnMarket,history.2026-06-12.event,history.2026-06-12.price,history.2026-06-12.listingType,history.2026-06-12.listedDate,history.2026-06-12.removedDate,history.2026-06-12.daysOnMarket,history.2026-06-25.event,history.2026-06-25.price,history.2026-06-25.listingType,history.2026-06-25.listedDate,history.2026-06-25.removedDate,history.2026-06-25.daysOnMarket,history.2024-11-18.event,history.2024-11-18.price,history.2024-11-18.listingType,history.2024-11-18.listedDate,history.2024-11-18.removedDate,history.2024-11-18.daysOnMarket,history.2024-12-31.event,history.2024-12-31.price,history.2024-12-31.listingType,history.2024-12-31.listedDate,history.2024-12-31.removedDate,history.2024-12-31.daysOnMarket,history.2025-06-25.event,history.2025-06-25.price,history.2025-06-25.listingType,history.2025-06-25.listedDate,history.2025-06-25.removedDate,history.2025-06-25.daysOnMarket,history.2025-09-07.event,history.2025-09-07.price,history.2025-09-07.listingType,history.2025-09-07.listedDate,history.2025-09-07.removedDate,history.2025-09-07.daysOnMarket,history.2026-01-16.event,history.2026-01-16.price,history.2026-01-16.listingType,history.2026-01-16.listedDate,history.2026-01-16.removedDate,history.2026-01-16.daysOnMarket,history.2026-01-20.event,history.2026-01-20.price,history.2026-01-20.listingType,history.2026-01-20.listedDate,history.2026-01-20.removedDate,history.2026-01-20.daysOnMarket,history.2026-01-31.event,history.2026-01-31.price,history.2026-01-31.listingType,history.2026-01-31.listedDate,history.2026-01-31.removedDate,history.2026-01-31.daysOnMarket,history.2026-02-18.event,history.2026-02-18.price,history.2026-02-18.listingType,history.2026-02-18.listedDate,history.2026-02-18.removedDate,history.2026-02-18.daysOnMarket,history.2026-05-30.event,history.2026-05-30.price,history.2026-05-30.listingType,history.2026-05-30.listedDate,history.2026-05-30.removedDate,history.2026-05-30.daysOnMarket,history.2023-04-30.event,history.2023-04-30.price,history.2023-04-30.listingType,history.2023-04-30.listedDate,history.2023-04-30.removedDate,history.2023-04-30.daysOnMarket,history.2026-02-02.event,history.2026-02-02.price,history.2026-02-02.listingType,history.2026-02-02.listedDate,history.2026-02-02.removedDate,history.2026-02-02.daysOnMarket,history.2024-10-22.event,history.2024-10-22.price,history.2024-10-22.listingType,history.2024-10-22.listedDate,history.2024-10-22.removedDate,history.2024-10-22.daysOnMarket,history.2026-03-04.event,history.2026-03-04.price,history.2026-03-04.listingType,history.2026-03-04.listedDate,history.2026-03-04.removedDate,history.2026-03-04.daysOnMarket,history.2026-07-06.event,history.2026-07-06.price,history.2026-07-06.listingType,history.2026-07-06.listedDate,history.2026-07-06.removedDate,history.2026-07-06.daysOnMarket,history.2026-02-16.event,history.2026-02-16.price,history.2026-02-16.listingType,history.2026-02-16.listedDate,history.2026-02-16.removedDate,history.2026-02-16.daysOnMarket,history.2026-06-04.event,history.2026-06-04.price,history.2026-06-04.listingType,history.2026-06-04.listedDate,history.2026-06-04.removedDate,history.2026-06-04.daysOnMarket,history.2026-07-23.event,history.2026-07-23.price,history.2026-07-23.listingType,history.2026-07-23.listedDate,history.2026-07-23.removedDate,history.2026-07-23.daysOnMarket,history.2026-07-28.event,history.2026-07-28.price,history.2026-07-28.listingType,history.2026-07-28.listedDate,history.2026-07-28.removedDate,history.2026-07-28.daysOnMarket
"23307-Abercorn-Ln,-Land-O-Lakes,-FL-34639","23307 Abercorn Ln, Land O Lakes, FL 34639",23307 Abercorn Ln,,Land O Lakes,FL,12,34639,Pasco,101,28.209847,-82.427647,Single Family,4,3.0,3077.0,Active,3400,Standard,2026-08-03T00:00:00.000Z,,2025-04-20T00:00:00.000Z,2026-08-03T03:12:51.848Z,1,Pasco,Land O Lakes,Rental Listing,3250.0,Standard,2025-05-17T00:00:00.000Z,2025-05-18T00:00:00.000Z,1.0,Rental Listing,3400.0,Standard,2026-06-02T00:00:00.000Z,2026-06-03T00:00:00.000Z,1.0,Rental Listing,3400,Standard,2026-08-03T00:00:00.000Z,,1,,,,,,,,,,,,,,,,,,,,,,,,,,,,,,,,,,,,,,,,,,,,,,,,,,,,,,,,,,,,,,,,,,,,,,,,,,,,,,,,,,,,,,,,,,,,,,,,,,,,,,,,,,,,,,,,,,,,,,,,,,,,,,,,,,,,,,,,,,,,,,,,,,,,,,,,,,,,,,,,,,,,,,,,,,,,,,,,,,,,,,,,,,,,,,,,,,,,,,,,,,,,,,,,,,,,,,,,,,,,,,,,,,,,,,,,,,,,,,,,,,,,,,,,,,,,,,,,,,,,,,,,,,,,,,,,,,,,,,,,,,,,,,,,,,,,,,,,,,,,,,,,,,,,,,,,,,,,,,,,,,,,,,,,,,,,,,,,,,,,,,,,,,,,,,,,,,,,,,,,,,,,,,,,,,,,,,,,,,,,,,,,,,,,,,,,,,,,,,,,,,,,,,,,,,,,,,,,,
"21027-Voyager-Blvd,-Apt-K8,-Land-O-Lakes,-FL-34638","21027 Voyager Blvd, Apt K8, Land O Lakes, FL 34638",21027 Voyager Blvd,Apt K8,Land O Lakes,FL,12,34638,Pasco,101,28.216344,-82.467837,Condo,2,1.0,800.0,Active,1325,Standard,2026-08-03T00:00:00.000Z,,2026-06-28T00:00:00.000Z,2026-08-03T03:12:51.845Z,1,Pasco,Land O Lakes,,,,,,,,,,,,,Rental Listing,1325,Standard,2026-08-03T00:00:00.000Z,,1,Rental Listing,1325.0,Standard,2026-07-21T00:00:00.000Z,2026-07-22T00:00:00.000Z,1.0,,,,,,,,,,,,,,,,,,,,,,,,,,,,,,,,,,,,,,,,,,,,,,,,,,,,,,,,,,,,,,,,,,,,,,,,,,,,,,,,,,,,,,,,,,,,,,,,,,,,,,,,,,,,,,,,,,,,,,,,,,,,,,,,,,,,,,,,,,,,,,,,,,,,,,,,,,,,,,,,,,,,,,,,,,,,,,,,,,,,,,,,,,,,,,,,,,,,,,,,,,,,,,,,,,,,,,,,,,,,,,,,,,,,,,,,,,,,,,,,,,,,,,,,,,,,,,,,,,,,,,,,,,,,,,,,,,,,,,,,,,,,,,,,,,,,,,,,,,,,,,,,,,,,,,,,,,,,,,,,,,,,,,,,,,,,,,,,,,,,,,,,,,,,,,,,,,,,,,,,,,,,,,,,,,,,,,,,,,,,,,,,,,,,,,,,,,,,,,,,,,,,,,,,,,,
"4786-Ballantrae-Blvd,-Land-O-Lakes,-FL-34638","4786 Ballantrae Blvd, Land O Lakes, FL 34638",4786 Ballantrae Blvd,,Land O Lakes,FL,12,34638,Pasco,101,28.223013,-82.522079,Single Family,3,2.0,2101.0,Active,3200,Standard,2026-08-03T00:00:00.000Z,,2023-05-04T00:00:00.000Z,2026-08-03T03:12:51.820Z,1,Pasco,Land O Lakes,,,,,,,,,,,,,Rental Listing,3200,Standard,2026-08-03T00:00:00.000Z,,1,,,,,,,6534.0,2020.0,48.0,,,,,,,,,,,,,,,,,,,,,,,,,,,,,,,,,,,,,,,,,,,,,,,,,,,,,,,,,,,,,,,,,,,,,,,,,,,,,,,,,,,,,,,,,,,,,,,,,,,,,,,,,,,,,,,,,,,,,,,,,,,,,,,,,,,,,,,,,,,,,,,,,,,,,,,,,,,,,,,,,,,,,,,,,,,,,,,,,,,,,,,,,,,,,,,,,,,,,,,,,,,,,,,,,,,,,,,,,,,,,,,,,,,,,,,,,,,,,,,,,,,,,,,,,,,,,,,,,,,,,,,,,,,,,,,,,,,,,,,,,,,,,,,,,,,,,,,,,,,,,,,,,,,,,,,,,,,,,,,,,,,,,,,,,,,,,,,,,,,,,,,,,,,,,,,,,,,,,,,,,,,,,,,,,,,,,,,,,,,,,,,,,,,,,,,,,,,,,,,,,,,,,,,,
"5743-Eden-Ln,-Land-O-Lakes,-FL-34639","5743 Eden Ln, Land O Lakes, FL 34639",5743 Eden Ln,,Land O Lakes,FL,12,34639,Pasco,101,28.240479,-82.449326,Single Family,3,2.0,1288.0,Active,2060,Standard,2026-08-03T00:00:00.000Z,,2022-12-07T02:44:44.777Z,2026-08-03T03:08:12.650Z,1,Pasco,Land O Lakes,,,,,,,,,,,,,Rental Listing,2060,Standard,2026-08-03T00:00:00.000Z,,1,,,,,,,,,,Rental Listing,2095.0,Standard,2025-06-01T00:00:00.000Z,2025-06-02T00:00:00.000Z,1.0,Rental Listing,1960.0,Standard,2025-07-25T00:00:00.000Z,2025-07-26T00:00:00.000Z,1.0,,,,,,,,,,,,,,,,,,,,,,,,,,,,,,,,,,,,,,,,,,,,,,,,,,,,,,,,,,,,,,,,,,,,,,,,,,,,,,,,,,,,,,,,,,,,,,,,,,,,,,,,,,,,,,,,,,,,,,,,,,,,,,,,,,,,,,,,,,,,,,,,,,,,,,,,,,,,,,,,,,,,,,,,,,,,,,,,,,,,,,,,,,,,,,,,,,,,,,,,,,,,,,,,,,,,,,,,,,,,,,,,,,,,,,,,,,,,,,,,,,,,,,,,,,,,,,,,,,,,,,,,,,,,,,,,,,,,,,,,,,,,,,,,,,,,,,,,,,,,,,,,,,,,,,,,,,,,,,,,,,,,,,,,,,,,,,,,,,,,,,,,,,,,,,,,,,,,,,,,,,,,,,,,,,,,,,,,,,,,,,,,,,,,,,,,,,,,
"20781-Monza-Loop,-Land-O-Lakes,-FL-34638","20781 Monza Loop, Land O Lakes, FL 34638",20781 Monza Loop,,Land O Lakes,FL,12,34638,Pasco,101,28.258096,-82.479214,Single Family,5,3.0,2615.0,Active,3000,Standard,2026-08-03T00:00:00.000Z,,2026-06-20T00:00:00.000Z,2026-08-03T03:08:12.645Z,1,Pasco,Land O Lakes,,,,,,,,,,,,,Rental Listing,3000,Standard,2026-08-03T00:00:00.000Z,,1,,,,,,,7841.0,2022.0,,,,,,,,,,,,,,Rental Listing,3150.0,Standard,2026-07-16T00:00:00.000Z,2026-07-25T00:00:00.000Z,9.0,,,,,,,,,,,,,,,,,,,,,,,,,,,,,,,,,,,,,,,,,,,,,,,,,,,,,,,,,,,,,,,,,,,,,,,,,,,,,,,,,,,,,,,,,,,,,,,,,,,,,,,,,,,,,,,,,,,,,,,,,,,,,,,,,,,,,,,,,,,,,,,,,,,,,,,,,,,,,,,,,,,,,,,,,,,,,,,,,,,,,,,,,,,,,,,,,,,,,,,,,,,,,,,,,,,,,,,,,,,,,,,,,,,,,,,,,,,,,,,,,,,,,,,,,,,,,,,,,,,,,,,,,,,,,,,,,,,,,,,,,,,,,,,,,,,,,,,,,,,,,,,,,,,,,,,,,,,,,,,,,,,,,,,,,,,,,,,,,,,,,,,,,,,,,,,,,,,,,,,,,,,,,,,,,,,,,,,,,,,,,,,,,,,,,,
"3247-Chessington-Dr,-Land-O-Lakes,-FL-34638","3247 Chessington Dr, Land O Lakes, FL 34638",3247 Chessington Dr,,Land O Lakes,FL,12,34638,Pasco,101,28.20473,-82.502528,Single Family,6,3.0,3089.0,Active,3355,Standard,2026-08-03T00:00:00.000Z,,2026-05-13T00:00:00.000Z,2026-08-03T03:08:12.625Z,1,Pasco,Land O Lakes,,,,,,,,,,,,,Rental Listing,3355,Standard,2026-08-03T00:00:00.000Z,,1,,,,,,,,2006.0,,,,,,,,,,,,,,,,,,,,,,,,,,,,,,,,,,,,,,,,,,,,,,,,,,,,,,,,,,,,,,,,,,,,,,,,,,,,,,,,,,,,,,,,,,,,,,,,,,,,,,,,,,,,,,,,,,,,,,,,,,,,,,,,,,,,,,,,,,,,,,,,,,,,,,,,,,,,,,,,,,,,,,,,,,,,,,,,,,,,,,,,,,,,,,,,,,,,,,,,,,,,,,,,,,,,,,,,,,,,,,,,,,,,,,,,,,,,,,,,,,,,,,,,,,,,,,,,,,,,,,,,,,,,,,,,,,,,,,,,,,,,,,,,,,,,,,,,,,,,,,,,,,,,,,,,,,,,,,,,,,,,,,,,,,,,,,,,,,,,,,,,,,,,,,,,,,,,,,,,,,,,,,,,,,,,,,,,,,,,,,,,,,,,,,,,,,,,,,,,,,,,,,,,,
"17515-Sandgate-Ct,-Land-O-Lakes,-FL-34638","17515 Sandgate Ct, Land O Lakes, FL 34638",17515 Sandgate Ct,,Land O Lakes,FL,12,34638,Pasco,101,28.205368,-82.525882,Single Family,3,3.0,2112.0,Active,2400,Standard,2026-08-03T00:00:00.000Z,,2020-03-14T03:32:32.613Z,2026-08-03T03:08:12.597Z,1,Pasco,Land O Lakes,,,,,,,Rental Listing,2550.0,Standard,2026-06-02T00:00:00.000Z,2026-06-03T00:00:00.000Z,1.0,Rental Listing,2400,Standard,2026-08-03T00:00:00.000Z,,1,,,,,,,,,,,,,,,,,,,,,,,,,,,,Rental Listing,2550.0,Standard,2026-03-14T00:00:00.000Z,2026-03-15T00:00:00.000Z,1.0,Rental Listing,2550.0,Standard,2026-04-22T00:00:00.000Z,2026-04-23T00:00:00.000Z,1.0,,,,,,,,,,,,,,,,,,,,,,,,,,,,,,,,,,,,,,,,,,,,,,,,,,,,,,,,,,,,,,,,,,,,,,,,,,,,,,,,,,,,,,,,,,,,,,,,,,,,,,,,,,,,,,,,,,,,,,,,,,,,,,,,,,,,,,,,,,,,,,,,,,,,,,,,,,,,,,,,,,,,,,,,,,,,,,,,,,,,,,,,,,,,,,,,,,,,,,,,,,,,,,,,,,,,,,,,,,,,,,,,,,,,,,,,,,,,,,,,,,,,,,,,,,,,,,,,,,,,,,,,,,,,,,,,,,,,,,,,,,,,,,,,,,,,,,,,,,,,,,,,,,,,,,,,,,,,,,,,,,,,,,,,,,,,,,,,,,,,,,,,,,,,,,,,,,,,,,,,,,,,,,,,,,,,,,,,,,
"18267-Turning-Leaf-Cir,-Land-O-Lakes,-FL-34638","18267 Turning Leaf Cir, Land O Lakes, FL 34638",18267 Turning Leaf Cir,,Land O Lakes,FL,12,34638,Pasco,101,28.31371,-82.513599,Apartment,3,2.0,1516.0,Active,2095,Standard,2026-08-03T00:00:00.000Z,,2026-03-17T00:00:00.000Z,2026-08-03T03:08:12.580Z,1,Pasco,Land O Lakes,,,,,,,,,,,,,Rental Listing,2095,Standard,2026-08-03T00:00:00.000Z,,1,,,,,,,,2022.0,,,,,,,,,,,,,,,,,,,,,,,,,,,,,,,,Rental Listing,2095.0,Standard,2026-03-16T00:00:00.000Z,2026-06-26T00:00:00.000Z,102.0,,,,,,,,,,,,,,,,,,,,,,,,,,,,,,,,,,,,,,,,,,,,,,,,,,,,,,,,,,,,,,,,,,,,,,,,,,,,,,,,,,,,,,,,,,,,,,,,,,,,,,,,,,,,,,,,,,,,,,,,,,,,,,,,,,,,,,,,,,,,,,,,,,,,,,,,,,,,,,,,,,,,,,,,,,,,,,,,,,,,,,,,,,,,,,,,,,,,,,,,,,,,,,,,,,,,,,,,,,,,,,,,,,,,,,,,,,,,,,,,,,,,,,,,,,,,,,,,,,,,,,,,,,,,,,,,,,,,,,,,,,,,,,,,,,,,,,,,,,,,,,,,,,,,,,,,,,,,,,,,,,,,,,,,,,,,,,,,,,,,,,,,,,,,,,,,,,,,,,,,,,,,,,,,,,,,
"17051-Lixberry-Way,-Land-O-Lakes,-FL-34638","17051 Lixberry Way, Land O Lakes, FL 34638",17051 Lixberry Way,,Land O Lakes,FL,12,34638,Pasco,101,28.208982,-82.533038,Single Family,4,2.5,1892.0,Active,2470,Standard,2026-08-03T00:00:00.000Z,,2019-07-09T21:02:03.431Z,2026-08-03T03:08:12.579Z,1,Pasco,Land O Lakes,,,,,,,,,,,,,Rental Listing,2470,Standard,2026-08-03T00:00:00.000Z,,1,,,,,,,,2008.0,,,,,,,,,,,,,,,,,,,,,,,,,,,,,,,,,,,,,,,,,,,,,,,,,,,,,,,,,,,,,,,,,,,,,,,,,,,,,,,,,,,,,,,,,,,,,,,,,,,,,,,,,,,,,,,,,,,,,,,,,,,,,,,,,,,,,,,,,,,,,,,,,,,,,,,,,,,,,,,,,,,,,,,,,,,,,,,,,,,,,,,,,,,,,,,,,,,,,,,,,,,,,,,,,,,,,,,,,,,,,,,,,,,,,,,,,,,,,,,,,,,,,,,,,,,,,,,,,,,,,,,,,,,,,,,,,,,,,,,,,,,,,,,,,,,,,,,,,,,,,,,,,,,,,,,,,,,,,,,,,,,,,,,,,,,,,,,,,,,,,,,,,,,,,,,,,,,,,,,,,,,,,,,,,,,,,,,,,,,,,,,,,,,,,,,,,,,,,,,,,,,,,,,,,
"9640-Simeon-Dr,-Land-O-Lakes,-FL-34638","9640 Simeon Dr, Land O Lakes, FL 34638",9640 Simeon Dr,,Land O Lakes,FL,12,34638,Pasco,101,28.297885,-82.503712,Single Family,3,3.0,1860.0,Active,2275,Standard,2026-08-03T00:00:00.000Z,,2023-06-17T00:00:00.000Z,2026-08-03T03:08:12.573Z,1,Pasco,Land O Lakes,,,,,,,,,,,,,Rental Listing,2275,Standard,2026-08-03T00:00:00.000Z,,1,,,,,,,,,,,,,,,,,,,,,,,,,,,,,,,,,,,,,,,,,,,,,,Rental Listing,2275.0,Standard,2026-07-26T00:00:00.000Z,2026-07-27T00:00:00.000Z,1.0,,,,,,,,,,,,,,,,,,,,,,,,,,,,,,,,,,,,,,,,,,,,,,,,,,,,,,,,,,,,,,,,,,,,,,,,,,,,,,,,,,,,,,,,,,,,,,,,,,,,,,,,,,,,,,,,,,,,,,,,,,,,,,,,,,,,,,,,,,,,,,,,,,,,,,,,,,,,,,,,,,,,,,,,,,,,,,,,,,,,,,,,,,,,,,,,,,,,,,,,,,,,,,,,,,,,,,,,,,,,,,,,,,,,,,,,,,,,,,,,,,,,,,,,,,,,,,,,,,,,,,,,,,,,,,,,,,,,,,,,,,,,,,,,,,,,,,,,,,,,,,,,,,,,,,,,,,,,,,,,,,,,,,,,,,,,,,,,,,,,,,,,,,,,,,,,,,,,,,,,,,,,,,
"18447-Red-Willow-Way,-Land-O-Lakes,-FL-34638","18447 Red Willow Way, Land O Lakes, FL 34638",18447 Red Willow Way,,Land O Lakes,FL,12,34638,Pasco,101,28.301633,-82.51064,Single Family,3,2.0,2150.0,Active,2675,Standard,2026-08-03T00:00:00.000Z,,2020-12-12T01:03:52.073Z,2026-08-03T03:08:12.571Z,1,Pasco,Land O Lakes,,,,,,,,,,,,,Rental Listing,2675,Standard,2026-08-03T00:00:00.000Z,,1,,,,,,,,,,,,,,,,,,,,,,,,,,,,,,,,,,,,,,,,,,,,,,,,,,,,,,,,,,,,,,,,,,,,,,,,,,,,,,,,,,,,,,,,,,,,,,,,,,,,,,,,,,,,,,,,,,,,,,,,,,,,,,,,,,,,,,,,,,,,,,,,,,,,,,,,,,,,,,,,,,,,,,,,,,,,,,,,,,,,,,,,,,,,,,,,,,,,,,,,,,,,,,,,,,,,,,,,,,,,,,,,,,,,,,,,,,,,,,,,,,,,,,,,,,,,,,,,,,,,,,,,,,,,,,,,,,,,,,,,,,,,,,,,,,,,,,,,,,,,,,,,,,,,,,,,,,,,,,,,,,,,,,,,,,,,,,,,,,,,,,,,,,,,,,,,,,,,,,,,,,,,,,,,,,,,,,,,,,,,,,,,,,,,,,,,,,,,,,,,,,,,,,,,,,,,,,,,,
"5641-Sheer-Bliss-Loop,-Land-O-Lakes,-FL-34639","5641 Sheer Bliss Loop, Land O Lakes, FL 34639",5641 Sheer Bliss Loop,,Land O Lakes,FL,12,34639,Pasco,101,28.239608,-82.442033,Single Family,4,2.0,1938.0,Active,2345,Standard,2026-08-03T00:00:00.000Z,,2026-07-31T00:00:00.000Z,2026-08-03T03:08:12.569Z,1,Pasco,Land O Lakes,,,,,,,,,,,,,Rental Listing,2345,Standard,2026-08-03T00:00:00.000Z,,1,,,,,,,,,,,,,,,,,,,,,,,,,,,,,,,,,,,,,,,,,,,,,,,,,,,,,,,,,,,,,,,,,,,,,,,,,,,,,,,,,,,,,,,,,,,,,,,,,,,,,,,,,,,,,,,,,,,,,,,,,,,,,,,,,,,,,,,,,,,,,,,,,,,,,,,,,,,,,,,,,,,,,,,,,,,,,,,,,,,,,,,,,,,,,,,,,,,,,,,,,,,,,,,,,,,,,,,,,,,,,,,,,,,,,,,,,,,,,,,,,,,,,,,,,,,,,,,,,,,,,,,,,,,,,,,,,,,,,,,,,,,,,,,,,,,,,,,,,,,,,,,,,,,,,,,,,,,,,,,,,,,,,,,,,,,,,,,,,,,,,,,,,,,,,,,,,,,,,,,,,,,,,,,,,,,,,,,,,,,,,,,,,,,,,,,,,,,,,,,,,,,,,,,,,,,,,,,,,
"2330-Tioga-Dr,-Land-O-Lakes,-FL-34639","2330 Tioga Dr, Land O Lakes, FL 34639",2330 Tioga Dr,,Land O Lakes,FL,12,34639,Pasco,101,28.190896,-82.416006,Single Family,3,2.0,1448.0,Active,2295,Standard,2026-08-03T00:00:00.000Z,,2022-06-09T01:15:53.921Z,2026-08-03T03:08:12.568Z,1,Pasco,Land O Lakes,,,,,,,,,,,,,Rental Listing,2295,Standard,2026-08-03T00:00:00.000Z,,1,,,,,,,,,,,,,,,,,,,,,,,,,,,,,,,,,,,,,,,,,,,,,,,,,,,,,,,,,,,,,,,,,,,,,,,,,,,,,,,,,,,,,,,,,,,,,,,,,,,,,,,,,,,,,,,,,,,,,,,,,,,,,,,,,,,,,,,,,,,,,,,,,,,,,,,,,,,,,,,,,,,,,,,,,,,,,,,,,,,,,,,,,,,,,,,,,,,,,,,,,,,,,,,,,,,,,,,,,,,,,,,,,,,,,,,,,,,,,,,,,,,,,,,,,,,,,,,,,,,,,,,,,,,,,,,,,,,,,,,,,,,,,,,,,,,,,,,,,,,,,,,,,,,,,,,,,,,,,,,,,,,,,,,,,,,,,,,,,,,,,,,,,,,,,,,,,,,,,,,,,,,,,,,,,,,,,,,,,,,,,,,,,,,,,,,,,,,,,,,,,,,,,,,,,,,,,,,,,
"17745-Ayrshire-Blvd,-Land-O-Lakes,-FL-34638","17745 Ayrshire Blvd, Land O Lakes, FL 34638",17745 Ayrshire Blvd,,Land O Lakes,FL,12,34638,Pasco,101,28.202116,-82.521777,Single Family,4,2.5,2539.0,Active,2795,Standard,2026-08-03T00:00:00.000Z,,2019-11-04T14:04:11.127Z,2026-08-03T03:08:12.565Z,1,Pasco,Land O Lakes,,,,,,,,,,,,,Rental Listing,2795,Standard,2026-08-03T00:00:00.000Z,,1,,,,,,,,,,,,,,,,Rental Listing,2590.0,Standard,2025-07-25T00:00:00.000Z,2025-07-26T00:00:00.000Z,1.0,,,,,,,,,,,,,,,,,,,,,,,,,Rental Listing,2795.0,Standard,2026-07-26T00:00:00.000Z,2026-07-27T00:00:00.000Z,1.0,,,,,,,,,,,,,,,,,,,,,,,,,,,,,,,,,,,,,,,,,,,,,,,,,,,,,,,,,,,,,,,,,,,,,,,,,,,,,,,,,,,,,,,,,,,,,,,,,,,,,,,,,,,,,,,,,,,,,,,,,,,,,,,,,,,,,,,,,,,,,,,,,,,,,,,,,,,,,,,,,,,,,,,,,,,,,,,,,,,,,,,,,,,,,,,,,,,,,,,,,,,,,,,,,,,,,,,,,,,,,,,,,,,,,,,,,,,,,,,,,,,,,,,,,,,,,,,,,,,,,,,,,,,,,,,,,,,,,,,,,,,,,,,,,,,,,,,,,,,,,,,,,,,,,,,,,,,,,,,,,,,,,,,,,,,,,,,,,,,,,,,,,,,,,,,,,,,,,,,,,,,,,,
"22744-Robins-Nest-Ct,-Land-O-Lakes,-FL-34639","22744 Robins Nest Ct, Land O Lakes, FL 34639",22744 Robins Nest Ct,,Land O Lakes,FL,12,34639,Pasco,101,28.214529,-82.439319,Single Family,4,3.0,2930.0,Active,3345,Standard,2026-08-03T00:00:00.000Z,,2020-07-17T03:35:37.422Z,2026-08-03T03:08:12.563Z,1,Pasco,Land O Lakes,,,,,,,,,,,,,Rental Listing,3345,Standard,2026-08-03T00:00:00.000Z,,1,,,,,,,,,,,,,,,,,,,,,,,,,,,,,,,,,,,,,,,,,,,,,,Rental Listing,3345.0,Standard,2026-07-26T00:00:00.000Z,2026-07-27T00:00:00.000Z,1.0,,,,,,,,,,,,,,,,,,,,,,,,,,,,,,,,,,,,,,,,,,,,,,,,,,,,,,,,,,,,,,,,,,,,,,,,,,,,,,,,,,,,,,,,,,,,,,,,,,,,,,,,,,,,,,,,,,,,,,,,,,,,,,,,,,,,,,,,,,,,,,,,,,,,,,,,,,,,,,,,,,,,,,,,,,,,,,,,,,,,,,,,,,,,,,,,,,,,,,,,,,,,,,,,,,,,,,,,,,,,,,,,,,,,,,,,,,,,,,,,,,,,,,,,,,,,,,,,,,,,,,,,,,,,,,,,,,,,,,,,,,,,,,,,,,,,,,,,,,,,,,,,,,,,,,,,,,,,,,,,,,,,,,,,,,,,,,,,,,,,,,,,,,,,,,,,,,,,,,,,,,,,,,
"4315-Marchmont-Blvd,-Land-O-Lakes,-FL-34638","4315 Marchmont Blvd, Land O Lakes, FL 34638",4315 Marchmont Blvd,,Land O Lakes,FL,12,34638,Pasco,101,28.22046,-82.496215,Single Family,3,2.0,1837.0,Active,2390,Standard,2026-08-03T00:00:00.000Z,,2020-05-30T02:51:26.540Z,2026-08-03T03:08:12.539Z,1,Pasco,Land O Lakes,,,,,,,,,,,,,Rental Listing,2390,Standard,2026-08-03T00:00:00.000Z,,1,,,,,,,,,,,,,,,,,,,,,,,,,,,,,,,,,,,,,,,,,,,,,,,,,,,,,,,,,,,,,,,,,,,,,,,,,,,,,,,,,,,,,,,,,,,,,,,,,,,,,,,,,,,,,,,,,,,,,,,,,,,,,,,,,,,,,,,,,,,,,,,,,,,,,,,,,,,,,,,,,,,,,,,,,,,,,,,,,,,,,,,,,,,,,,,,,,,,,,,,,,,,,,,,,,,,,,,,,,,,,,,,,,,,,,,,,,,,,,,,,,,,,,,,,,,,,,,,,,,,,,,,,,,,,,,,,,,,,,,,,,,,,,,,,,,,,,,,,,,,,,,,,,,,,,,,,,,,,,,,,,,,,,,,,,,,,,,,,,,,,,,,,,,,,,,,,,,,,,,,,,,,,,,,,,,,,,,,,,,,,,,,,,,,,,,,,,,,,,,,,,,,,,,,,,,,,,,,,
"18025-Cypress-Bay-Pkwy,-Land-O-Lakes,-FL-34638","18025 Cypress Bay Pkwy, Land O Lakes, FL 34638",18025 Cypress Bay Pkwy,,Land O Lakes,FL,12,34638,Pasco,101,28.303555,-82.516462,Single Family,3,2.0,1484.0,Active,2150,Standard,2026-08-03T00:00:00.000Z,,2021-06-15T00:41:15.594Z,2026-08-03T03:08:12.539Z,1,Pasco,Land O Lakes,,,,,,,,,,,,,Rental Listing,2150,Standard,2026-08-03T00:00:00.000Z,,1,,,,,,,,2008.0,,,,,,,,,,,,,,,,,,,,,,,,,,,,,,,,,,,,,,,,,,,,,,,,,,,,,,,,,,,,,,,,,,,,,,,,,,,,,,,,,,,,,,,,,,,,,,,,,,,,,,,,,,,,,,,,,,,,,,,,,,,,,,,,,,,,,,,,,,,,,,,,,,,,,,,,,,,,,,,,,,,,,,,,,,,,,,,,,,,,,,,,,,,,,,,,,,,,,,,,,,,,,,,,,,,,,,,,,,,,,,,,,,,,,,,,,,,,,,,,,,,,,,,,,,,,,,,,,,,,,,,,,,,,,,,,,,,,,,,,,,,,,,,,,,,,,,,,,,,,,,,,,,,,,,,,,,,,,,,,,,,,,,,,,,,,,,,,,,,,,,,,,,,,,,,,,,,,,,,,,,,,,,,,,,,,,,,,,,,,,,,,,,,,,,,,,,,,,,,,,,,,,,,,,
"4313-Longshore-Dr,-Land-O-Lakes,-FL-34639","4313 Longshore Dr, Land O Lakes, FL 34639",4313 Longshore Dr,,Land O Lakes,FL,12,34639,Pasco,101,28.219834,-82.4347,Single Family,3,2.0,1227.0,Active,1965,Standard,2026-08-03T00:00:00.000Z,,2021-02-20T01:52:15.962Z,2026-08-03T03:08:12.526Z,1,Pasco,Land O Lakes,,,,,,,,,,,,,Rental Listing,1965,Standard,2026-08-03T00:00:00.000Z,,1,,,,,,,4030.0,1995.0,40.0,,,,,,,,,,,,,,,,,,,,,,,,,,,,,,,,,,,,,,,,,,,,,,,,,,,,,,,,,,,,,,,,,,,,,,,,,,,,,,,,,,,,,,,,,,,,,,,,,,,,,,,,,,,,,,,,,,,,,,,,,,,,,,,,,,,,,,,,,,,,,,,,,,,,,,,,,,,,,,,,,,,,,,,,,,,,,,,,,,,,,,,,,,,,,,,,,,,,,,,,,,,,,,,,,,,,,,,,,,,,,,,,,,,,,,,,,,,,,,,,,,,,,,,,,,,,,,,,,,,,,,,,,,,,,,,,,,,,,,,,,,,,,,,,,,,,,,,,,,,,,,,,,,,,,,,,,,,,,,,,,,,,,,,,,,,,,,,,,,,,,,,,,,,,,,,,,,,,,,,,,,,,,,,,,,,,,,,,,,,,,,,,,,,,,,,,,,,,,,,,,,,,,,,,
"7108-Kendall-Heath-Way,-Land-O-Lakes,-FL-34637","7108 Kendall Heath Way, Land O Lakes, FL 34637",7108 Kendall Heath Way,,Land O Lakes,FL,12,34637,Pasco,101,28.260858,-82.452532,Single Family,4,2.0,1415.0,Active,2195,Standard,2026-08-03T00:00:00.000Z,,2026-06-18T00:00:00.000Z,2026-08-03T03:08:12.525Z,1,Pasco,Land O Lakes,,,,,,,,,,,,,Rental Listing,2195,Standard,2026-08-03T00:00:00.000Z,,1,,,,,,,,,,,,,,,,,,,,,,,,,,,,,,,,,,,,,,,,,,,,,,,,,,,,Rental Listing,2195.0,Standard,2026-06-18T00:00:00.000Z,2026-06-19T00:00:00.000Z,1.0,,,,,,,,,,,,,,,,,,,,,,,,,,,,,,,,,,,,,,,,,,,,,,,,,,,,,,,,,,,,,,,,,,,,,,,,,,,,,,,,,,,,,,,,,,,,,,,,,,,,,,,,,,,,,,,,,,,,,,,,,,,,,,,,,,,,,,,,,,,,,,,,,,,,,,,,,,,,,,,,,,,,,,,,,,,,,,,,,,,,,,,,,,,,,,,,,,,,,,,,,,,,,,,,,,,,,,,,,,,,,,,,,,,,,,,,,,,,,,,,,,,,,,,,,,,,,,,,,,,,,,,,,,,,,,,,,,,,,,,,,,,,,,,,,,,,,,,,,,,,,,,,,,,,,,,,,,,,,,,,,,,,,,,,,,,,,,,,,,,,,,,,,,,,,,,,,,,,,,,,
"7742-Citrus-Blossom-Dr,-Land-O-Lakes,-FL-34637","7742 Citrus Blossom Dr, Land O Lakes, FL 34637",7742 Citrus Blossom Dr,,Land O Lakes,FL,12,34637,Pasco,101,28.270541,-82.46746,Single Family,3,2.0,1359.0,Active,2115,Standard,2026-08-03T00:00:00.000Z,,2018-09-16T05:05:47.000Z,2026-08-03T03:08:12.522Z,1,Pasco,Land O Lakes,,,,,,,,,,,,,Rental Listing,2115,Standard,2026-08-03T00:00:00.000Z,,1,,,,,,,,2003.0,,,,,,,,,,,,,,,,,,,,,,,,,,,,,,,,,,,,,,,,,,,,,,,,,,,,,,,,,,,,,,,,,,,,,,,,,,,,,,,,,,,,,,,,,,,,,,,,,,,,,,,,,,,,,,,,,,,,,,,,,,,,,,,,,,,,,,,,,,,,,,,,,,,,,,,,,,,,,,,,,,,,,,,,,,,,,,,,,,,,,,,,,,,,,,,,,,,,,,,,,,,,,,,,,,,,,,,,,,,,,,,,,,,,,,,,,,,,,,,,,,,,,,,,,,,,,,,,,,,,,,,,,,,,,,,,,,,,,,,,,,,,,,,,,,,,,,,,,,,,,,,,,,,,,,,,,,,,,,,,,,,,,,,,,,,,,,,,,,,,,,,,,,,,,,,,,,,,,,,,,,,,,,,,,,,,,,,,,,,,,,,,,,,,,,,,,,,,,,,,,,,,,,,,,
"4615-Winding-River-Way,-Land-O-Lakes,-FL-34639","4615 Winding River Way, Land O Lakes, FL 34639",4615 Winding River Way,,Land O Lakes,FL,12,34639,Pasco,101,28.221848,-82.386729,Condo,3,2.5,1536.0,Active,1855,Standard,2026-08-03T00:00:00.000Z,,2026-06-06T00:00:00.000Z,2026-08-03T03:08:12.488Z,1,Pasco,Land O Lakes,,,,,,,,,,,,,Rental Listing,1855,Standard,2026-08-03T00:00:00.000Z,,1,,,,,,,,2005.0,,,,,,,,,,,,,,,,,,,,,,,,,,,,,,,,,,,,,,,,,,,,,,,,,,,,,,,,,,,,,,,,,,,,,,,,,,,,,,,,,,,,,,,,,,,,,,,,,,,,,,,,,,,,,,,,,,,,,,,,,,,,,,,,,,,,,,,,,,,,,,,,,,,,,,,,,,,,,,,,,,,,,,,,,,,,,,,,,,,,,,,,,,,,,,,,,,,,,,,,,,,,,,,,,,,,,,,,,,,,,,,,,,,,,,,,,,,,,,,,,,,,,,,,,,,,,,,,,,,,,,,,,,,,,,,,,,,,,,,,,,,,,,,,,,,,,,,,,,,,,,,,,,,,,,,,,,,,,,,,,,,,,,,,,,,,,,,,,,,,,,,,,,,,,,,,,,,,,,,,,,,,,,,,,,,,,,,,,,,,,,,,,,,,,,,,,,,,,,,,,,,,,,,,,
"17634-Terrazzo-Way,-Land-O-Lakes,-FL-34638","17634 Terrazzo Way, Land O Lakes, FL 34638",17634 Terrazzo Way,,Land O Lakes,FL,12,34638,Pasco,101,28.218118,-82.525136,Townhouse,3,2.0,1755.0,Active,2700,Standard,2026-08-03T00:00:00.000Z,,2026-07-23T00:00:00.000Z,2026-08-03T03:08:12.480Z,1,Pasco,Land O Lakes,,,,,,,,,,,,,Rental Listing,2700,Standard,2026-08-03T00:00:00.000Z,,1,,,,,,,,2017.0,,,,,,,,,,,,,,,,,,,,,,,,,,,,,,,,,,,,,,,,,,,,,,,,,,,,,,,,,,,,,,,,,,,,,,,,,,,,,,,,,,,,,,,,,,,,,,,,,,,,,,,,,,,,,,,,,,,,,,,,,,,,,,,,,,,,,,,,,,,,,,,,,,,,,,,,,,,,,,,,,,,,,,,,,,,,,,,,,,,,,,,,,,,,,,,,,,,,,,,,,,,,,,,,,,,,,,,,,,,,,,,,,,,,,,,,,,,,,,,,,,,,,,,,,,,,,,,,,,,,,,,,,,,,,,,,,,,,,,,,,,,,,,,,,,,,,,,,,,,,,,,,,,,,,,,,,,,,,,,,,,,,,,,,,,,,,,,,,,,,,,,,,,,,,,,,,,,,,,,,,,,,,,,,,,,,,,,,,,,,,,,,,,,,,,,,,,,,,,,,,,,,,,,,,
"9253-Black-Thorn-Loop,-Land-O-Lakes,-FL-34638","9253 Black Thorn Loop, Land O Lakes, FL 34638",9253 Black Thorn Loop,,Land O Lakes,FL,12,34638,Pasco,101,28.292476,-82.495643,Single Family,4,2.0,1824.0,Active,2355,Standard,2026-08-03T00:00:00.000Z,,2021-02-05T00:37:37.882Z,2026-08-03T03:08:12.452Z,1,Pasco,Land O Lakes,,,,,,,,,,,,,Rental Listing,2355,Standard,2026-08-03T00:00:00.000Z,,1,,,,,,,,2005.0,,,,,,,,,,,,,,,,,,,,,,,,,,,,,,,,,,,,,,,,,,,,,,,,,,,,,,,,,,,,,,,,,,,,,,,,,,,,,,,,,,,,,,,,,,,,,,,,,,,,,,,,,,,,,,,,,,,,,,,,,,,,,,,,,,,,,,,,,,,,,,,,,,,,,,,,,,,,,,,,,,,,,,,,,,,,,,,,,,,,,,,,,,,,,,,,,,,,,,,,,,,,,,,,,,,,,,,,,,,,,,,,,,,,,,,,,,,,,,,,,,,,,,,,,,,,,,,,,,,,,,,,,,,,,,,,,,,,,,,,,,,,,,,,,,,,,,,,,,,,,,,,,,,,,,,,,,,,,,,,,,,,,,,,,,,,,,,,,,,,,,,,,,,,,,,,,,,,,,,,,,,,,,,,,,,,,,,,,,,,,,,,,,,,,,,,,,,,,,,,,,,,,,,,,
"10503-Farm-Hill-Ave,-Land-O-Lakes,-FL-34638","10503 Farm Hill Ave, Land O Lakes, FL 34638",10503 Farm Hill Ave,,Land O Lakes,FL,12,34638,Pasco,101,28.309803,-82.52367,Single Family,4,3.0,2756.0,Active,3800,Standard,2026-08-03T00:00:00.000Z,,2025-06-03T00:00:00.000Z,2026-08-03T03:06:56.359Z,1,Pasco,Land O Lakes,,,,,,,,,,,,,Rental Listing,3800,Standard,2026-08-03T00:00:00.000Z,,1,,,,,,,6941.0,2025.0,,,,,,,,,,,,,,,,,,,,,,,,,,,,,,,,,,,,,,,,,,,,,,,,,,Rental Listing,3000.0,New Construction,2025-06-03T00:00:00.000Z,2025-07-25T00:00:00.000Z,52.0,,,,,,,,,,,,,,,,,,,,,,,,,,,,,,,,,,,,,,,,,,,,,,,,,,,,,,,,,,,,,,,,,,,,,,,,,,,,,,,,,,,,,,,,,,,,,,,,,,,,,,,,,,,,,,,,,,,,,,,,,,,,,,,,,,,,,,,,,,,,,,,,,,,,,,,,,,,,,,,,,,,,,,,,,,,,,,,,,,,,,,,,,,,,,,,,,,,,,,,,,,,,,,,,,,,,,,,,,,,,,,,,,,,,,,,,,,,,,,,,,,,,,,,,,,,,,,,,,,,,,,,,,,,,,,,,,,,,,,,,,,,,,,,,,,,,,,,,,,,,,,,,,,,,,,,,,,,,,,,,,,,,,,,,,,,,,,,,,,,,,,,,,,,,,,,,,,
"22392-Bellini-Cir,-Land-O-Lakes,-FL-34639","22392 Bellini Cir, Land O Lakes, FL 34639",22392 Bellini Cir,,Land O Lakes,FL,12,34639,Pasco,101,28.215788,-82.444596,Single Family,4,3.0,2245.0,Active,2820,Standard,2026-08-03T00:00:00.000Z,,2026-04-23T00:00:00.000Z,2026-08-03T03:06:56.344Z,1,Pasco,Land O Lakes,,,,,,,,,,,,,Rental Listing,2820,Standard,2026-08-03T00:00:00.000Z,,1,,,,,,,,2023.0,,,,,,,,,,,,,,,,,,,,,,,,,,,,,,,,,,,,,,,,,,,,,,,,,,,,,,,,Rental Listing,2940.0,Standard,2026-05-13T00:00:00.000Z,2026-05-14T00:00:00.000Z,1.0,Rental Listing,2910.0,Standard,2026-06-03T00:00:00.000Z,2026-06-04T00:00:00.000Z,1.0,,,,,,,,,,,,,,,,,,,,,,,,,,,,,,,,,,,,,,,,,,,,,,,,,,,,,,,,,,,,,,,,,,,,,,,,,,,,,,,,,,,,,,,,,,,,,,,,,,,,,,,,,,,,,,,,,,,,,,,,,,,,,,,,,,,,,,,,,,,,,,,,,,,,,,,,,,,,,,,,,,,,,,,,,,,,,,,,,,,,,,,,,,,,,,,,,,,,,,,,,,,,,,,,,,,,,,,,,,,,,,,,,,,,,,,,,,,,,,,,,,,,,,,,,,,,,,,,,,,,,,,,,,,,,,,,,,,,,,,,,,,,,,,,,,,,,,,,,,,,,,,,,,,,,,,,,,,,,,,,,,,,,,,,,,,,,,,,,,,,,,
"103-W-Mohawk-Ave-Apt-A,-Tampa,-FL-33604","103 W Mohawk Ave Apt A, Tampa, FL 33604",103 W Mohawk Ave Apt A,,Tampa,FL,12,33604,Hillsborough,057,27.997116,-82.459793,Apartment,2,1.0,,Active,1700,Standard,2026-08-03T00:00:00.000Z,,2022-04-26T02:09:59.624Z,2026-08-03T03:22:38.497Z,1,Hillsborough,Tampa,,,,,,,,,,,,,Rental Listing,1700,Standard,2026-08-03T00:00:00.000Z,,1,,,,,,,,,,,,,,,,,,,,,,,,,,,,Rental Listing,1700.0,Standard,2026-03-14T00:00:00.000Z,2026-03-15T00:00:00.000Z,1.0,,,,,,,,,,,,,,,,,,,,,,,,,,,,,,,,,,,,,,,,,,,Rental Listing,1700.0,Standard,2025-07-12T00:00:00.000Z,2025-07-13T00:00:00.000Z,1.0,Rental Listing,1700.0,Standard,2025-09-04T00:00:00.000Z,2025-09-05T00:00:00.000Z,1.0,Rental Listing,1700.0,Standard,2025-10-04T00:00:00.000Z,2025-10-05T00:00:00.000Z,1.0,Rental Listing,1700.0,Standard,2025-11-05T00:00:00.000Z,2025-11-06T00:00:00.000Z,1.0,Rental Listing,1700.0,Standard,2025-11-10T00:00:00.000Z,2025-11-11T00:00:00.000Z,1.0,Rental Listing,1700.0,Standard,2025-12-02T00:00:00.000Z,2025-12-03T00:00:00.000Z,1.0,Rental Listing,1700.0,Standard,2025-12-21T00:00:00.000Z,2025-12-22T00:00:00.000Z,1.0,Rental Listing,1700.0,Standard,2026-02-08T00:00:00.000Z,2026-02-09T00:00:00.000Z,1.0,Rental Listing,1700.0,Standard,2026-02-21T00:00:00.000Z,2026-02-22T00:00:00.000Z,1.0,,,,,,,,,,,,,,,,,,,,,,,,,,,,,,,,,,,,,,,,,,,,,,,,,,,,,,,,,,,,,,,,,,,,,,,,,,,,,,,,,,,,,,,,,,,,,,,,,,,,,,,,,,,,,,,,,,,,,,,,,,,,,,,,,,,,,,,,,,,,,,,,,,,,,,,,,,,,,,,,,,,,,,,,,,,,,,,,,,,,,,,,,,,,,,,,,,,,,,,,,,,,,,,,,,,,,,,,,,,,,,,,,,,,,,,,,,,,,,,,,,,,,,,,,,,,,,,,,,,,,,,,,,,,,,,,,,,,,,,,,,,,,,,,
"5008-Sierra-Pl,---471,-Tampa,-FL-33617","5008 Sierra Pl, # 471, Tampa, FL 33617",5008 Sierra Pl,# 471,Tampa,FL,12,33617,Hillsborough,057,28.026974,-82.400238,Apartment,3,2.0,1461.0,Active,2161,Standard,2026-08-03T00:00:00.000Z,,2026-05-28T00:00:00.000Z,2026-08-03T03:22:38.495Z,1,Hillsborough,Tampa,,,,,,,,,,,,,Rental Listing,2161,Standard,2026-08-03T00:00:00.000Z,,1,,,,,,,,,,,,,,,,,,,,,,,,,,,,,,,,,,,,,,,,,,,,,,,,,,,,,,,,,,,,,,,,,,,,,,,,,,,,,,,,,,,,,,,,,,,,,,,,,,,,,,,,,,,,,,,,,,,,,,,,,,,,,,,,,,Rental Listing,2161.0,Standard,2026-07-02T00:00:00.000Z,2026-07-03T00:00:00.000Z,1.0,,,,,,,,,,,,,,,,,,,,,,,,,,,,,,,,,,,,,,,,,,,,,,,,,,,,,,,,,,,,,,,,,,,,,,,,,,,,,,,,,,,,,,,,,,,,,,,,,,,,,,,,,,,,,,,,,,,,,,,,,,,,,,,,,,,,,,,,,,,,,,,,,,,,,,,,,,,,,,,,,,,,,,,,,,,,,,,,,,,,,,,,,,,,,,,,,,,,,,,,,,,,,,,,,,,,,,,,,,,,,,,,,,,,,,,,,,,,,,,,,,,,,,,,,,,,,,,,,,,,,,,,,,,,,,,,,,,,,,,,,,
"2006-Fiesta-Ridge-Ct,-Tampa,-FL-33604","2006 Fiesta Ridge Ct, Tampa, FL 33604",2006 Fiesta Ridge Ct,,Tampa,FL,12,33604,Hillsborough,057,28.028336,-82.480264,Townhouse,2,3.0,1152.0,Active,1590,Standard,2026-08-03T00:00:00.000Z,,2020-09-16T03:21:14.080Z,2026-08-03T03:22:38.494Z,1,Hillsborough,Tampa,,,,,,,,,,,,,Rental Listing,1590,Standard,2026-08-03T00:00:00.000Z,,1,,,,,,,,,,,,,,,,,,,,,,,,,,,,,,,,,,,,,,,,,,,,,,,,,,,,,,,,,,,,,,,,,,,,,,,,,,,,,,,,,,,,,,,,,,,,,,,,,,,,,,,,,,,,,,,,,,,,,,Rental Listing,1590.0,Standard,2026-02-08T00:00:00.000Z,2026-02-09T00:00:00.000Z,1.0,,,,,,,,,,,,,Rental Listing,1590.0,Standard,2026-02-12T00:00:00.000Z,2026-02-13T00:00:00.000Z,1.0,,,,,,,,,,,,,,,,,,,,,,,,,,,,,,,,,,,,,,,,,,,,,,,,,,,,,,,,,,,,,,,,,,,,,,,,,,,,,,,,,,,,,,,,,,,,,,,,,,,,,,,,,,,,,,,,,,,,,,,,,,,,,,,,,,,,,,,,,,,,,,,,,,,,,,,,,,,,,,,,,,,,,,,,,,,,,,,,,,,,,,,,,,,,,,,,,,,,,,,,,,,,,,,,,,,,,,,,,,,,,,,,,,,,,,,,,,,,,,,,,,,,,,,,,,,,,,,,,,,,,,,,,,,,,,,,,,,,
"12780-Olive-Jones-Rd,---12372,-Tampa,-FL-33625","12780 Olive Jones Rd, # 12372, Tampa, FL 33625",12780 Olive Jones Rd,# 12372,Tampa,FL,12,33625,Hillsborough,057,28.060217,-82.566429,Apartment,3,2.0,1341.0,Active,2599,Standard,2026-08-03T00:00:00.000Z,,2026-07-28T00:00:00.000Z,2026-08-03T03:22:38.494Z,1,Hillsborough,Tampa,,,,,,,,,,,,,Rental Listing,2599,Standard,2026-08-03T00:00:00.000Z,,1,,,,,,,,,,,,,,,,,,,,,,,,,,,,,,,,,,,,,,,,,,,,,,,,,,,,,,,,,,,,,,,,,,,,,,,,,,,,,,,,,,,,,,,,,,,,,,,,,,,,,,,,,,,,,,,,,,,,,,,,,,,,,,,,,,,,,,,,,,,,,,,,,,,,,,,,,,,,,,,,,,,,,,,,,,,,,,,,,,,,,,,,,,,,,,,,,,,,,,,,,,,,,,,,,,,,,,,,,,,,,,,,,,,,,,,,,,,,,,,,,,,,,,,,,,,,,,,,,,,,,,,,,,,,,,,,,,,,,,,,,,,,,,,,,,,,,,,,,,,,,,,,,,,,,,,,,,,,,,,,,,,,,,,,,,,,,,,,,,,,,,,,,,,,,,,,,,,,,,,,,,,,,,,,,,,,,,,,,,,,,,,,,,,,,,,,,,,,,,,,,,,,,,,,,,,,,,,,,
"4512-Blue-Tee-Ct,-Tampa,-FL-33613","4512 Blue Tee Ct, Tampa, FL 33613",4512 Blue Tee Ct,,Tampa,FL,12,33613,Hillsborough,057,28.076856,-82.411104,Apartment,2,1.0,1000.0,Active,1475,Standard,2026-08-03T00:00:00.000Z,,2025-07-18T00:00:00.000Z,2026-08-03T03:22:38.493Z,1,Hillsborough,Tampa,,,,,,,,,,,,,Rental Listing,1475,Standard,2026-08-03T00:00:00.000Z,,1,,,,,,,,,,,,,,,,,,,,,,,,,,,,,,,,,,,,,,,,,,,,,,,,,,,,,,,,,,,,,,,,,,,,,,,,,,,,,,,,,,,,,,,,,,,,,,,,,,,,,,,,,,,,,,,,,,,,,,,,,,,,,,,,,,,,,,,,,,,,,,Rental Listing,1525.0,Standard,2025-09-03T00:00:00.000Z,2025-09-04T00:00:00.000Z,1.0,Rental Listing,1225.0,Standard,2026-01-04T00:00:00.000Z,2026-01-05T00:00:00.000Z,1.0,Rental Listing,1225.0,Standard,2026-01-12T00:00:00.000Z,2026-01-13T00:00:00.000Z,1.0,Rental Listing,1325.0,Standard,2026-04-10T00:00:00.000Z,2026-04-11T00:00:00.000Z,1.0,,,,,,,,,,,,,,,,,,,,,,,,,,,,,,,,,,,,,,,,,,,,,,,,,,,,,,,,,,,,,,,,,,,,,,,,,,,,,,,,,,,,,,,,,,,,,,,,,,,,,,,,,,,,,,,,,,,,,,,,,,,,,,,,,,,,,,,,,,,,,,,,,,,,,,,,,,,,,,,,,,,,,,,,,,,,,,,,,,,,,,,,,,,,,,,,,,,,,,,,,,,,,,,,,,,,,,,,,,,,,,,,,,,,,,,,,,,,,,,,,,,,,,,,,,,,
"6105-Paddock-Glen-Dr,---10-206,-Tampa,-FL-33634","6105 Paddock Glen Dr, # 10-206, Tampa, FL 33634",6105 Paddock Glen Dr,# 10-206,Tampa,FL,12,33634,Hillsborough,057,27.994299,-82.548653,Apartment,2,2.0,1222.0,Active,2538,Standard,2026-08-03T00:00:00.000Z,,2026-01-17T00:00:00.000Z,2026-08-03T03:22:38.478Z,1,Hillsborough,Tampa,,,,,,,,,,,,,Rental Listing,2538,Standard,2026-08-03T00:00:00.000Z,,1,,,,,,,,,,,,,,,,,,,,,,,,,,,,,,,,,,,,,,,,,,,,,,,,,,,,,,,,,,,,,,,,,,,,,,,,,,,,,,,,,,,,,,,,,,,,,,,,,,,,,,,,,,,,,,,,,,,,,,,,,,,,Rental Listing,2538.0,Standard,2026-02-21T00:00:00.000Z,2026-02-22T00:00:00.000Z,1.0,,,,,,,,,,,,,,,,,,,,,,,,,,,,,,,,,,,,,Rental Listing,2538.0,Standard,2026-04-12T00:00:00.000Z,2026-04-13T00:00:00.000Z,1.0,Rental Listing,2538.0,Standard,2026-04-20T00:00:00.000Z,2026-04-21T00:00:00.000Z,1.0,Rental Listing,2538.0,Standard,2026-05-18T00:00:00.000Z,2026-05-19T00:00:00.000Z,1.0,,,,,,,,,,,,,,,,,,,,,,,,,,,,,,,,,,,,,,,,,,,,,,,,,,,,,,,,,,,,,,,,,,,,,,,,,,,,,,,,,,,,,,,,,,,,,,,,,,,,,,,,,,,,,,,,,,,,,,,,,,,,,,,,,,,,,,,,,,,,,,,,,,,,,,,,,,,,,,,,,,,,,,,,,,,,,,,,,,,,,,,,,,,,,,,,,,,,,,,,,,,,,,,,,,,,,,,,,,,,,,,,,,,,,,,,,,
"5008-Sierra-Pl,---349,-Tampa,-FL-33617","5008 Sierra Pl, # 349, Tampa, FL 33617",5008 Sierra Pl,# 349,Tampa,FL,12,33617,Hillsborough,057,28.026974,-82.400238,Apartment,1,1.0,827.0,Active,950,Standard,2026-08-03T00:00:00.000Z,,2026-05-31T00:00:00.000Z,2026-08-03T03:22:38.478Z,1,Hillsborough,Tampa,,,,,,,,,,,,,Rental Listing,950,Standard,2026-08-03T00:00:00.000Z,,1,,,,,,,,,,,,,,,,,,,,,,,,,,,,,,,,,,,,,,,,,,,,,,,,,,,,,,,,,,,,,,,,,,,,,,,,,,,,,,,,,,,,,,,,,,,,,,,,,,,,,,,,,,,,,,,,,,,,,,,,,,,,,,,,,,,,,,,,,,,,,,,,,,,,,,,,,,,,,,,,,,,,,,,,,,,,,,,,,,,,,,,,Rental Listing,1350.0,Standard,2026-06-16T00:00:00.000Z,2026-06-17T00:00:00.000Z,1.0,,,,,,,,,,,,,,,,,,,,,,,,,,,,,,,,,,,,,,,,,,,,,,,,,,,,,,,,,,,,,,,,,,,,,,,,,,,,,,,,,,,,,,,,,,,,,,,,,,,,,,,,,,,,,,,,,,,,,,,,,,,,,,,,,,,,,,,,,,,,,,,,,,,,,,,,,,,,,,,,,,,,,,,,,,,,,,,,,,,,,,,,,,,,,,,,,,,,,,,,,,,,,,,,,,,,,,,,,,,,,,,,,,,,
"1107-W-Arch-St,-Apt-A,-Tampa,-FL-33607","1107 W Arch St, Apt A, Tampa, FL 33607",1107 W Arch St,Apt A,Tampa,FL,12,33607,Hillsborough,057,27.95435,-82.471146,Apartment,2,1.0,550.0,Active,1295,Standard,2026-08-03T00:00:00.000Z,,2026-03-02T00:00:00.000Z,2026-08-03T03:22:38.477Z,1,Hillsborough,Tampa,,,,,,,,,,,,,Rental Listing,1295,Standard,2026-08-03T00:00:00.000Z,,1,,,,,,,,,,,,,,,,,,,,,,,,,,,,,,,,,,,,,,,,,,,,,,,,,,,,,,,,,,,,,,,,,,,,,,,,,,,,,,,,,,,,,,,,,,,,,,,,,,,,,,,,,,,,,,,,,,,,,,,,,,,,,,,,,,,,,,,,,,,,,,,,,,,,,,,,,,,,,,,,,,,,,,,,,,,,,,,,,,,,,,,,,,,,,,Rental Listing,1350.0,Standard,2026-05-17T00:00:00.000Z,2026-05-18T00:00:00.000Z,1.0,,,,,,,,,,,,,,,,,,,,,,,,,,,,,,,,,,,,,,,,,,,,,,,,,,,,,,,,,,,,,,,,,,,,,,,,,,,,,,,,,,,,,,,,,,,,,,,,,,,,,,,,,,,,,,,,,,,,,,,,,,,,,,,,,,,,,,,,,,,,,,,,,,,,,,,,,,,,,,,,,,,,,,,,,,,,,,,,,,,,,,,,,,,,,,,,,,,,,,,,,,,,,,,,,,,,,,,,,,,,,,
"5100-Burchette-Rd,-Unit-2907,-Tampa,-FL-33647","5100 Burchette Rd, Unit 2907, Tampa, FL 33647",5100 Burchette Rd,Unit 2907,Tampa,FL,12,33647,Hillsborough,057,28.091021,-82.400645,Townhouse,2,2.0,1020.0,Active,1900,Standard,2026-08-03T00:00:00.000Z,,2026-08-01T00:00:00.000Z,2026-08-03T03:22:38.477Z,1,Hillsborough,Tampa,,,,,,,,,,,,,Rental Listing,1900,Standard,2026-08-03T00:00:00.000Z,,1,,,,,,,,,,,,,,,,,,,,,,,,,,,,,,,,,,,,,,,,,,,,,,,,,,,,,,,,,,,,,,,,,,,,,,,,,,,,,,,,,,,,,,,,,,,,,,,,,,,,,,,,,,,,,,,,,,,,,,,,,,,,,,,,,,,,,,,,,,,,,,,,,,,,,,,,,,,,,,,,,,,,,,,,,,,,,,,,,,,,,,,,,,,,,,,,,,,,,,,,,,,,,,,,,,,,,,,,,,,,,,,,,,,,,,,,,,,,,,,,,,,,,,,,,,,,,,,,,,,,,,,,,,,,,,,,,,,,,,,,,,,,,,,,,,,,,,,,,,,,,,,,,,,,,,,,,,,,,,,,,,,,,,,,,,,,,,,,,,,,,,,,,,,,,,,,,,,,,,,,,,,,,,,,,,,,,,,,,,,,,,,,,,,,,,,,,,,,,,,,,,,,,,,,,,,,,,,,,
"6105-Paddock-Glen-Dr,---09-201,-Tampa,-FL-33634","6105 Paddock Glen Dr, # 09-201, Tampa, FL 33634",6105 Paddock Glen Dr,# 09-201,Tampa,FL,12,33634,Hillsborough,057,27.994299,-82.548653,Apartment,1,1.0,775.0,Active,2053,Standard,2026-08-03T00:00:00.000Z,,2026-01-17T00:00:00.000Z,2026-08-03T03:22:38.476Z,1,Hillsborough,Tampa,,,,,,,,,,,,,Rental Listing,2053,Standard,2026-08-03T00:00:00.000Z,,1,,,,,,,,,,,,,,,,,,,,,,,,,,,,,,,,,,,,,,,,,,,,,,,,,,,,,,,,,,,,,,,,,,,,,,,,,,,,,,,,,,,,,,,,,,,,,,,,,,,,,,,,,,,,,,,,,,,,,,,,,,,,Rental Listing,2053.0,Standard,2026-02-21T00:00:00.000Z,2026-02-22T00:00:00.000Z,1.0,,,,,,,,,,,,,,,,,,,,,,,,,,,,,,,,,,,,,,,,,,,Rental Listing,2053.0,Standard,2026-04-20T00:00:00.000Z,2026-04-21T00:00:00.000Z,1.0,,,,,,,,,,,,,,,,,,,,,,,,,,,,,,,,,,,,,,,,,,,,,,,,,,,,,,,,,,,,,,,,,,,,,,,,,,,,,,,,,,,,,,,,,,,,,,,,,,,,,,,,,,,,,,,,,,,,,,,,,,,,,,,,,,,,,,,,,,,,,,,,,,,,,,,,,,,,,,,,,,,,,,,,,,,,,,,,,,,,,,,,,,,,,,,,,,,,,,,,,,,,,,,,,,,,,,,,,,,,,,,,,,,,,,,,,,,,,,,,
"5008-Sierra-Pl,---512,-Tampa,-FL-33617","5008 Sierra Pl, # 512, Tampa, FL 33617",5008 Sierra Pl,# 512,Tampa,FL,12,33617,Hillsborough,057,28.026974,-82.400238,Apartment,1,1.0,723.0,Active,950,Standard,2026-08-03T00:00:00.000Z,,2026-05-31T00:00:00.000Z,2026-08-03T03:22:38.476Z,1,Hillsborough,Tampa,,,,,,,,,,,,,Rental Listing,950,Standard,2026-08-03T00:00:00.000Z,,1,,,,,,,,,,,,,,,,,,,,,,,,,,,,,,,,,,,,,,,,,,,,,,,,,,,,,,,,,,,,,,,,,,,,,,,,,,,,,,,,,,,,,,,,,,,,,,,,,,,,,,,,,,,,,,,,,,,,,,,,,,,,,,,,,,,,,,,,,,,,,,,,,,,,,,,,,,,,,,,,,,,,,,,,,,,,,,,,,,,,,,,,,,,,,,,,,,,,,,,,,,,,,,,,,,,,,,,,,,,,,,,,,,,,,,,,,,,,,,,,,,,,,,,,,,,,,,,,,,,,,,,,,,,,,,,,,,,,,,,,,,,,,,,,,,,,,,,,,,,,,,,,,,,,,,,,,,,,,,,,,,,,,,,,,,,,,,,,,,,,,,,,,,,,,,,,,,,,,,,,,,,,,,,,,,,,,,,,,,,,,,,,,,,,,,,,,,,,,,,,,,,,,,,,,,,,,,,,,
"13725-Susan-Kay-Dr,---45C,-Tampa,-FL-33613","13725 Susan Kay Dr, # 45C, Tampa, FL 33613",13725 Susan Kay Dr,# 45C,Tampa,FL,12,33613,Hillsborough,057,28.072006,-82.443687,Apartment,1,1.0,700.0,Active,1025,Standard,2026-08-03T00:00:00.000Z,,2025-01-03T00:00:00.000Z,2026-08-03T03:22:38.475Z,1,Hillsborough,Tampa,,,,,,,,,,,,,Rental Listing,1025,Standard,2026-08-03T00:00:00.000Z,,1,,,,,,,,,,,,,,,,,,,,,,,,,,,,,,,,,,,,,,,,,,,,,,,,,,,,Rental Listing,1025.0,Standard,2026-06-18T00:00:00.000Z,2026-06-19T00:00:00.000Z,1.0,,,,,,,,,,,,,,,,,,,,,,,,,,,,,,,,,,,,,,,,,,,,,,,,,,,,,,,,,,,,,,,,,,,,,,,,,,,,,,,,,,,,,,,,,,,,,,,,,,,,,,,,,,,,,,,,,,,,,,,,,,,,,,,,,,,,,,,,,,,Rental Listing,1200.0,Standard,2025-01-17T00:00:00.000Z,2025-01-18T00:00:00.000Z,1.0,Rental Listing,1025.0,Standard,2025-06-26T00:00:00.000Z,2025-06-27T00:00:00.000Z,1.0,Rental Listing,1025.0,Standard,2026-01-28T00:00:00.000Z,2026-01-29T00:00:00.000Z,1.0,Rental Listing,1025.0,Standard,2026-03-02T00:00:00.000Z,2026-03-03T00:00:00.000Z,1.0,Rental Listing,1025.0,Standard,2026-04-02T00:00:00.000Z,2026-04-03T00:00:00.000Z,1.0,Rental Listing,1025.0,Standard,2026-04-24T00:00:00.000Z,2026-04-25T00:00:00.000Z,1.0,,,,,,,,,,,,,,,,,,,,,,,,,,,,,,,,,,,,,,,,,,,,,,,,,,,,,,,,,,,,,,,,,,,,,,,,,,,,,,,,,,,,,,,,,,,,,,,,,,,,,,,,,,,,,,,,,,,,,,,,,,,,,,,,,,,,,,,,,,,,,,,,,,,,,,,,,,,,,,,,,,,,,,,,,,,,,,,,,,,,,,,,,,
"5008-Sierra-Pl,---186,-Tampa,-FL-33617","5008 Sierra Pl, # 186, Tampa, FL 33617",5008 Sierra Pl,# 186,Tampa,FL,12,33617,Hillsborough,057,28.026974,-82.400238,Apartment,3,2.0,1304.0,Active,1399,Standard,2026-08-03T00:00:00.000Z,,2026-05-31T00:00:00.000Z,2026-08-03T03:22:38.474Z,1,Hillsborough,Tampa,,,,,,,,,,,,,Rental Listing,1399,Standard,2026-08-03T00:00:00.000Z,,1,,,,,,,,,,,,,,,,,,,,,,,,,,,,,,,,,,,,,,,,,,,,,,,,,,,,,,,,,,,,,,,,,,,,,,,,,,,,,,,,,,,,,,,,,,,,,,,,,,,,,,,,,,,,,,,,,,,,,,,,,,,,,,,,,,Rental Listing,1900.0,Standard,2026-07-02T00:00:00.000Z,2026-07-03T00:00:00.000Z,1.0,,,,,,,,,,,,,,,,,,,,,,,,,,,,,,,,,,,,,,,,,,,,,,,,,Rental Listing,1900.0,Standard,2026-06-16T00:00:00.000Z,2026-06-17T00:00:00.000Z,1.0,,,,,,,,,,,,,,,,,,,,,,,,,,,,,,,,,,,,,,,,,,,,,,,,,,,,,,,,,,,,,,,,,,,,,,,,,,,,,,,,,,,,,,,,,,,,,,,,,,,,,,,,,,,,,,,,,,,,,,,,,,,,,,,,,,,,,,,,,,,,,,,,,,,,,,,,,,,,,,,,,,,,,,,,,,,,,,,,,,,,,,,,,,,,,,,,,,,,,,,,,,,,,,,,,,,,,,,,,,,,,,,,,,,,
"12780-Olive-Jones-Rd,---6824,-Tampa,-FL-33625","12780 Olive Jones Rd, # 6824, Tampa, FL 33625",12780 Olive Jones Rd,# 6824,Tampa,FL,12,33625,Hillsborough,057,28.060217,-82.566429,Apartment,2,2.0,1109.0,Active,2099,Standard,2026-08-03T00:00:00.000Z,,2026-06-12T00:00:00.000Z,2026-08-03T03:22:38.474Z,1,Hillsborough,Tampa,,,,,,,,,,,,,Rental Listing,2099,Standard,2026-08-03T00:00:00.000Z,,1,,,,,,,,,,,,,,,,,,,,,,,,,,,,,,,,,,,,,,,,,,,,,,,,,,,,,,,,,,,,,,,,,,,,,,,,,,,,,,,,,,,,,,,,,,,,,,,,,,,,,,,,,,,,,,,,,,,,,,,,,,,,,,,,,,,,,,,,,,,,,,,,,,,,,,,,,,,,,,,,,,,,,,,,,,,,,,,,,,,,,,,,,,,,,,,,,,,,,,,,,,,,,,,,,,,,,,,,,,,,,,,,,,,,,,,,Rental Listing,2049.0,Standard,2026-06-13T00:00:00.000Z,2026-06-14T00:00:00.000Z,1.0,Rental Listing,2059.0,Standard,2026-06-30T00:00:00.000Z,2026-07-01T00:00:00.000Z,1.0,,,,,,,,,,,,,,,,,,,,,,,,,,,,,,,,,,,,,,,,,,,,,,,,,,,,,,,,,,,,,,,,,,,,,,,,,,,,,,,,,,,,,,,,,,,,,,,,,,,,,,,,,,,,,,,,,,,,,,,,,,,,,,,,,,,,,,,,,,,,,,,,,,,,,,,,,,,,,,,,,,,,,,,,,,,,,,
"1116-W-Carmen-St,-Unit-126,-Tampa,-FL-33606","1116 W Carmen St, Unit 126, Tampa, FL 33606",1116 W Carmen St,Unit 126,Tampa,FL,12,33606,Hillsborough,057,27.948723,-82.470779,Apartment,1,1.0,643.0,Active,1899,Standard,2026-08-03T00:00:00.000Z,,2026-07-01T00:00:00.000Z,2026-08-03T03:22:38.473Z,1,Hillsborough,Tampa,,,,,,,,,,,,,Rental Listing,1899,Standard,2026-08-03T00:00:00.000Z,,1,,,,,,,,,,,,,,,,,,,,,,,,,,,,,,,,,,,,,,,,,,,,,,,,,,,,,,,,,,,,,,,,,,,,,,,,,,,,,,,,,,,,,,,,,,,,,,,,,,,,,,,,,,,,,,,,,,,,,,,,,,,,,,,,,,,,,,,,,,,,,,,,,,,,,,,,,,,,,,,,,,,,,,,,,,,,,,,,,,,,,,,,,,,,,,,,,,,,,,,,,,,,,,,,,,,,,,,,,,,,,,,,,,,,,,,,,,,,,,,,,,,,,,,,,,,,,,,,,,,,,,,,,,,,,,,,,,,,,,,,,,,,,,,,,,,,,,,,,,,,,,,,,,,,,,,,,,,,,,,,,,,,,,,,,,,,,,,,,,,,,,,,,,,,,,,,,,,,,,,,,,,,,,,,,,,,,,,,,,,,,,,,,,,,,,,,,,,,,,,,,,,,,,,,,,,,,,,,,
"102-110-W-Logarto-Cir,---B104,-Tampa,-FL-33612","102-110 W Logarto Cir, # B104, Tampa, FL 33612",102-110 W Logarto Cir,# B104,Tampa,FL,12,33612,Hillsborough,057,28.05901,-82.458633,Apartment,2,2.0,825.0,Active,1450,Standard,2026-08-03T00:00:00.000Z,,2024-09-09T00:00:00.000Z,2026-08-03T03:22:38.472Z,1,Hillsborough,Tampa,,,,,,,,,,,,,Rental Listing,1450,Standard,2026-08-03T00:00:00.000Z,,1,,,,,,,,,,,,,,,,,,,,,,,,,,,,Rental Listing,1450.0,Standard,2026-03-14T00:00:00.000Z,2026-03-15T00:00:00.000Z,1.0,,,,,,,,,,,,,,,,,,,,,,,,,,,,,,,,,,,,,,,,,,,,,,,,,,,,,,,Rental Listing,1450.0,Standard,2025-10-04T00:00:00.000Z,2025-10-05T00:00:00.000Z,1.0,Rental Listing,1450.0,Standard,2025-11-05T00:00:00.000Z,2025-11-06T00:00:00.000Z,1.0,,,,,,,,,,,,,Rental Listing,1450.0,Standard,2025-12-21T00:00:00.000Z,2025-12-22T00:00:00.000Z,1.0,Rental Listing,1450.0,Standard,2026-02-08T00:00:00.000Z,2026-02-09T00:00:00.000Z,1.0,,,,,,,,,,,,,,,,,,,,,,,,,,,,,,,,,,,,,,,,,,,Rental Listing,1450.0,Standard,2026-04-12T00:00:00.000Z,2026-04-13T00:00:00.000Z,1.0,Rental Listing,1450.0,Standard,2026-04-20T00:00:00.000Z,2026-04-21T00:00:00.000Z,1.0,,,,,,,,,,,,,,,,,,,,,,,,,,,,,,,,,,,,,,,,,,,,,,,,,,,,,,,,,,,,,,,,,,,Rental Listing,1450.0,Standard,2024-10-28T00:00:00.000Z,2024-10-29T00:00:00.000Z,1.0,Rental Listing,1450.0,Standard,2024-11-22T00:00:00.000Z,2024-11-23T00:00:00.000Z,1.0,Rental Listing,1450.0,Standard,2025-01-29T00:00:00.000Z,2025-01-30T00:00:00.000Z,1.0,Rental Listing,1450.0,Standard,2025-03-06T00:00:00.000Z,2025-03-07T00:00:00.000Z,1.0,Rental Listing,1450.0,Standard,2025-07-23T00:00:00.000Z,2025-07-24T00:00:00.000Z,1.0,Rental Listing,1450.0,Standard,2025-08-18T00:00:00.000Z,2025-08-19T00:00:00.000Z,1.0,Rental Listing,1450.0,Standard,2025-11-09T00:00:00.000Z,2025-11-10T00:00:00.000Z,1.0,Rental Listing,1450.0,Standard,2025-12-03T00:00:00.000Z,2025-12-04T00:00:00.000Z,1.0,,,,,,,,,,,,,,,,,,,,,,,,,,,,,,,,,,,,,,,,,,,,,,,,,,,,,,,,,,,,,,,,,,,,,,,,,,,,,,,,,,,,,,,,,,,,,,,,,,,,,,,,,,,,,,,,,,,,,,,,,,,,,,
"5008-Sierra-Pl,---210,-Tampa,-FL-33617","5008 Sierra Pl, # 210, Tampa, FL 33617",5008 Sierra Pl,# 210,Tampa,FL,12,33617,Hillsborough,057,28.026974,-82.400238,Apartment,1,1.0,754.0,Active,950,Standard,2026-08-03T00:00:00.000Z,,2026-07-22T00:00:00.000Z,2026-08-03T03:22:38.472Z,1,Hillsborough,Tampa,,,,,,,,,,,,,Rental Listing,950,Standard,2026-08-03T00:00:00.000Z,,1,,,,,,,,,,,,,,,,,,,,,,,,,,,,,,,,,,,,,,,,,,,,,,,,,,,,,,,,,,,,,,,,,,,,,,,,,,,,,,,,,,,,,,,,,,,,,,,,,,,,,,,,,,,,,,,,,,,,,,,,,,,,,,,,,,,,,,,,,,,,,,,,,,,,,,,,,,,,,,,,,,,,,,,,,,,,,,,,,,,,,,,,,,,,,,,,,,,,,,,,,,,,,,,,,,,,,,,,,,,,,,,,,,,,,,,,,,,,,,,,,,,,,,,,,,,,,,,,,,,,,,,,,,,,,,,,,,,,,,,,,,,,,,,,,,,,,,,,,,,,,,,,,,,,,,,,,,,,,,,,,,,,,,,,,,,,,,,,,,,,,,,,,,,,,,,,,,,,,,,,,,,,,,,,,,,,,,,,,,,,,,,,,,,,,,,,,,,,,,,,,,,,,,,,,,,,,,,,,
"7405-E-Comanche-Ave,-Tampa,-FL-33610","7405 E Comanche Ave, Tampa, FL 33610",7405 E Comanche Ave,,Tampa,FL,12,33610,Hillsborough,057,27.997941,-82.372633,Single Family,2,1.0,936.0,Active,1675,Standard,2026-08-03T00:00:00.000Z,,2020-10-03T00:43:10.867Z,2026-08-03T03:22:38.471Z,1,Hillsborough,Tampa,,,,,,,,,,,,,Rental Listing,1675,Standard,2026-08-03T00:00:00.000Z,,1,,,,,,,,,,,,,,,,,,,,,,Rental Listing,1735.0,Standard,2026-07-16T00:00:00.000Z,2026-07-17T00:00:00.000Z,1.0,,,,,,,,,,,,,,,,,,,,,,,,,,,,,,,,,,,,,,,,,,,,,,,,,,,,,,,,,,,,,,,,,,,,,,,,,,,,,,,,,,,,,,,,,,,,,,,,,,,,,,,,,,,,,,,,,,,,,,,,,,,,,,,,,,,,,,,,,,,,,,,,,,,,,,,,,,,,,,,,,,,,,,,,,,,,,,,,,,,,,,,,,,,,,,,,,,,,,,,,,,,,,,,,,,,,,,,,,,,,,,,,,,,,,,,,,,,,,,,,,,,,,,,,,,,,,,,,,,,,,,,,,Rental Listing,1795.0,Standard,2025-04-17T00:00:00.000Z,2025-04-18T00:00:00.000Z,1.0,,,,,,,,,,,,,,,,,,,,,,,,,,,,,,,,,,,,,,,,,,,,,,,,,,,,,,,,,,,,,,,,,,,,,,,,,,,,,,,,,,,,,,,,,,,,,,,,,,,,,,,,,,,,,,,,,,,,,,,,
"12780-Olive-Jones-Rd,---12258,-Tampa,-FL-33625","12780 Olive Jones Rd, # 12258, Tampa, FL 33625",12780 Olive Jones Rd,# 12258,Tampa,FL,12,33625,Hillsborough,057,28.060217,-82.566429,Apartment,1,1.0,678.0,Active,1649,Standard,2026-08-03T00:00:00.000Z,,2026-06-12T00:00:00.000Z,2026-08-03T03:22:38.471Z,1,Hillsborough,Tampa,,,,,,,,,,,,,Rental Listing,1649,Standard,2026-08-03T00:00:00.000Z,,1,,,,,,,,,,,,,,,,,,,,,,,,,,,,,,,,,,,,,,,,,,,,,,,,,,,,,,,,,,,,,,,,,,,,,,,,,,,,,,,,,,,,,,,,,,,,,,,,,,,,,,,,,,,,,,,,,,,,,,,,,,,,,,,,,,,,,,,,,,,,,,,,,,,,,,,,,,,,,,,,,,,,,,,,,,,,,,,,,,,,,,,,,,,,,,,,,,,,,,,,,,,,,,,,,,,,,,,,,,,,,,,,,,,,,,,,,,,,,,,,,,,,,,,,,,,,,,,,,,,,,,,,,,,,,,,,,,,,,,,,,,,,,,,,,,,,,,,,,,Rental Listing,1699.0,Standard,2026-06-12T00:00:00.000Z,2026-06-13T00:00:00.000Z,1.0,Rental Listing,1699.0,Standard,2026-06-25T00:00:00.000Z,2026-06-26T00:00:00.000Z,1.0,,,,,,,,,,,,,,,,,,,,,,,,,,,,,,,,,,,,,,,,,,,,,,,,,,,,,,,,,,,,,,,,,,,,,,,,,,,,,,,,,,,,,,,,,,,,,,,,,,,,,,,,,,,,
"2002-N-Armenia-Ave,-Apt-6,-Tampa,-FL-33607","2002 N Armenia Ave, Apt 6, Tampa, FL 33607",2002 N Armenia Ave,Apt 6,Tampa,FL,12,33607,Hillsborough,057,27.959612,-82.485481,Single Family,2,1.0,771.0,Active,1650,Standard,2026-08-03T00:00:00.000Z,,2024-07-30T00:00:00.000Z,2026-08-03T03:22:38.469Z,1,Hillsborough,Tampa,,,,,,,,,,,,,Rental Listing,1650,Standard,2026-08-03T00:00:00.000Z,,1,,,,,,,,,,,,,,,,,,,,,,,,,,,,Rental Listing,1650.0,Standard,2026-03-14T00:00:00.000Z,2026-03-15T00:00:00.000Z,1.0,,,,,,,,,,,,,,,,,,,,,,,,,,,,,,,,,,,,,Rental Listing,1650.0,Standard,2026-06-03T00:00:00.000Z,2026-06-04T00:00:00.000Z,1.0,,,,,,,,,,,,,,,,,,,,,,,,,,,,,,,,,,,,,,,,,,,,,,,,,,,,,,,,,,,,,,,,,,,,,,,,,,,,,,,,,,,,,,,,,,,,,,,,,,,,,,,,,,,,,,,,,,,,,,,,,,,,,,,,,,,,,,,,,,,,,,,,,,,,,,,,,,,,,,,,,,,,,,,,,,,,,,,,,,,,,,,,,,,,,,,,,,,,,,,,,,,,,,,,,,,,,,,,,,,,,,,,,,,,,,,,,,,Rental Listing,1650.0,Standard,2024-11-18T00:00:00.000Z,2024-11-19T00:00:00.000Z,1.0,Rental Listing,1650.0,Standard,2024-12-31T00:00:00.000Z,2025-01-01T00:00:00.000Z,1.0,Rental Listing,1650.0,Standard,2025-06-25T00:00:00.000Z,2025-06-26T00:00:00.000Z,1.0,Rental Listing,1650.0,Standard,2025-09-07T00:00:00.000Z,2025-09-08T00:00:00.000Z,1.0,Rental Listing,1650.0,Standard,2026-01-16T00:00:00.000Z,2026-01-17T00:00:00.000Z,1.0,Rental Listing,1650.0,Standard,2026-01-20T00:00:00.000Z,2026-01-21T00:00:00.000Z,1.0,Rental Listing,1650.0,Standard,2026-01-31T00:00:00.000Z,2026-02-01T00:00:00.000Z,1.0,Rental Listing,1650.0,Standard,2026-02-18T00:00:00.000Z,2026-02-19T00:00:00.000Z,1.0,Rental Listing,1650.0,Standard,2026-05-30T00:00:00.000Z,2026-05-31T00:00:00.000Z,1.0,,,,,,,,,,,,,,,,,,,,,,,,,,,,,,,,,,,,,,,,,,,,,,,,,,,,,,
"1254-E-113th-Ave,-Tampa,-FL-33612","1254 E 113th Ave, Tampa, FL 33612",1254 E 113th Ave,,Tampa,FL,12,33612,Hillsborough,057,28.05173,-82.445574,Condo,0,1.0,336.0,Active,875,Standard,2026-08-03T00:00:00.000Z,,2023-05-01T00:00:00.000Z,2026-08-03T03:22:38.468Z,1,Hillsborough,Tampa,,,,,,,,,,,,,Rental Listing,875,Standard,2026-08-03T00:00:00.000Z,,1,,,,,,,,,,,,,,,,,,,,,,,,,,,,Rental Listing,875.0,Standard,2026-03-14T00:00:00.000Z,2026-03-15T00:00:00.000Z,1.0,,,,,,,,,,,,,,,,,,,,,,,,,,,,,,,,,,,,,,,,,,,,,,,,,,,,,,,,,,,,,,,,,,,,,,,,,,,,,,,,,,,,,Rental Listing,900.0,Standard,2026-02-08T00:00:00.000Z,2026-02-09T00:00:00.000Z,1.0,,,,,,,,,,,,,,,,,,,,,,,,,,,,,,,,,,,,,,,,,,,,,,,,,,,,,,,,,,,,,,,,,,,,,,,,,,,,,,,,,,,,,,,,,,,,,,,,,,,,,,,,,,,,,,,,,,,,,,,,,,,,,,,,,,,,,,,,,,,,,,,,,,,,,,,,,,,,,,,,,,,,,,,,,,,,,,,,,,,,,,,,,,,,,,,,,,,,,,,,,,,,,,,,,,,,,,,,,,,,,,,,,,,,,,,,,,,,,,,,,Rental Listing,900.0,Standard,2023-04-30T00:00:00.000Z,2026-01-21T00:00:00.000Z,997.0,Rental Listing,900.0,Standard,2026-02-02T00:00:00.000Z,2026-02-03T00:00:00.000Z,1.0,,,,,,,,,,,,,,,,,,,,,,,,,,,,,,,,,,,,,,,,,,
"102-110-W-Logarto-Cir,---B206,-Tampa,-FL-33612","102-110 W Logarto Cir, # B206, Tampa, FL 33612",102-110 W Logarto Cir,# B206,Tampa,FL,12,33612,Hillsborough,057,28.058475,-82.458008,Apartment,1,1.0,800.0,Active,1400,Standard,2026-08-03T00:00:00.000Z,,2024-09-09T00:00:00.000Z,2026-08-03T03:22:38.468Z,1,Hillsborough,Tampa,,,,,,,,,,,,,Rental Listing,1400,Standard,2026-08-03T00:00:00.000Z,,1,,,,,,,,,,,,,,,,,,,,,,,,,,,,Rental Listing,1400.0,Standard,2026-03-14T00:00:00.000Z,2026-03-15T00:00:00.000Z,1.0,,,,,,,,,,,,,,,,,,,,,,,,,,,,,,,,,,,,,,,,,,,,,,,,,Rental Listing,1400.0,Standard,2025-09-04T00:00:00.000Z,2025-09-05T00:00:00.000Z,1.0,Rental Listing,1400.0,Standard,2025-10-04T00:00:00.000Z,2025-10-05T00:00:00.000Z,1.0,Rental Listing,1400.0,Standard,2025-11-05T00:00:00.000Z,2025-11-06T00:00:00.000Z,1.0,,,,,,,,,,,,,Rental Listing,1400.0,Standard,2025-12-21T00:00:00.000Z,2025-12-22T00:00:00.000Z,1.0,Rental Listing,1400.0,Standard,2026-02-08T00:00:00.000Z,2026-02-09T00:00:00.000Z,1.0,Rental Listing,1400.0,Standard,2026-02-21T00:00:00.000Z,2026-02-22T00:00:00.000Z,1.0,,,,,,,,,,,,,,,,,,,,,,,,,,,,,,,,,,,,,,,,,,,,,,,,,,,,,,,,,,,,,,,,,,,,,,,,,,,,,,,,,,,,,,,,,,,,,,,,,,,,,,,,,,,,,,,,,,,,,,,,,,,,,,,Rental Listing,1400.0,Standard,2025-01-29T00:00:00.000Z,2025-01-30T00:00:00.000Z,1.0,Rental Listing,1400.0,Standard,2025-03-06T00:00:00.000Z,2025-03-07T00:00:00.000Z,1.0,Rental Listing,1400.0,Standard,2025-07-23T00:00:00.000Z,2025-07-24T00:00:00.000Z,1.0,,,,,,,Rental Listing,1400.0,Standard,2025-11-09T00:00:00.000Z,2025-11-10T00:00:00.000Z,1.0,,,,,,,,,,,,,,,,,,,,,,,,,,,,,,,,,,,,,,,,,,,,,,,,,,,,,,,,,,,,,,,,,,,,,,,,,,,,,,,,,,,,,,,,,,,Rental Listing,1400.0,Standard,2024-10-22T00:00:00.000Z,2024-10-23T00:00:00.000Z,1.0,Rental Listing,1400.0,Standard,2026-03-04T00:00:00.000Z,2026-03-05T00:00:00.000Z,1.0,,,,,,,,,,,,,,,,,,,,,,,,,,,,,,
"1803-E-Frierson-Ave,-Tampa,-FL-33610","1803 E Frierson Ave, Tampa, FL 33610",1803 E Frierson Ave,,Tampa,FL,12,33610,Hillsborough,057,27.994029,-82.439525,Single Family,0,1.0,1003.0,Active,1100,Standard,2026-08-03T00:00:00.000Z,,2026-06-11T00:00:00.000Z,2026-08-03T03:22:38.467Z,1,Hillsborough,Tampa,,,,,,,,,,,,,Rental Listing,1100,Standard,2026-08-03T00:00:00.000Z,,1,,,,,,,,,,,,,,,,,,,,,,,,,,,,,,,,,,,,,,,,,,,,,,,,,,,,,,,,,,,,,,,,,,,,,,,,,,,,,,,,,,,,,,,,,,,,,,,,,,,,,,,,,,,,,,,,,,,,,,,,,,,,,,,,,,,,,,,,,,,,,,,,,,,,,,,,,,,,,,,,,,,,,,,,,,,,,,,,,,,,,,,,,,,,,,,,,,,,,,,,,,,,,,,,,,,,,,,,,,,,,,,,,,,,,,,,,,,,,,,,,,,,,,,,,,,,,,,,,,,,,,,,,,,,,,,,,,,,,,,,,,,,,,,,,,,,,,,,,,,,,,,,,,,,,,,,,,,,,,,,,,,,,,,,,,,,,,,,,,,,,,,,,,,,,,,,,,,,,,,,,,,,,,,,,,,,,,,,,,,,,,,,,,,,Rental Listing,1100.0,Standard,2026-07-06T00:00:00.000Z,2026-07-07T00:00:00.000Z,1.0,,,,,,,,,,,,,,,,,,,,,,,,
"4924-White-Sanderling-Ct,---1,-Tampa,-FL-33619","4924 White Sanderling Ct, # 1, Tampa, FL 33619",4924 White Sanderling Ct,# 1,Tampa,FL,12,33619,Hillsborough,057,27.904997,-82.35688,Townhouse,3,3.0,1880.0,Active,2300,Standard,2026-08-03T00:00:00.000Z,,2024-07-26T00:00:00.000Z,2026-08-03T03:22:38.466Z,1,Hillsborough,Tampa,,,,,,,,,,,,,Rental Listing,2300,Standard,2026-08-03T00:00:00.000Z,,1,,,,,,,,,,,,,,,,,,,,,,,,,,,,,,,,,,,,,,,,,,,,,,,,,,,,,,,,,,,,,,,,,,,,,,,,,,,,,,,,,,,,,,,,,,,,,,,,,,,,,,,,,,,,,,,,,,,,,,,,,,,,,,,,,,,,,,,,,,,,,,,,,,,,,,,,,,,,,,,,,,,,,,,,,,,,,,,,,,,,,,,,,,,,,,,,,,,,,,,,,,,,,,,,,,,,,,,,,,,,,,,,,,,,,,,,,,,,,,,,,,,,,,,,,,,,,,,,,,,,,,,,,,,,,,,,,,,,,,,,,,,,,,,,,,,,,,,,,,,,,,,,,,,,,,,,,,,,Rental Listing,2300.0,Standard,2024-12-31T00:00:00.000Z,2025-01-01T00:00:00.000Z,1.0,,,,,,,Rental Listing,2300.0,Standard,2025-09-07T00:00:00.000Z,2025-09-08T00:00:00.000Z,1.0,Rental Listing,2300.0,Standard,2026-01-16T00:00:00.000Z,2026-01-17T00:00:00.000Z,1.0,,,,,,,,,,,,,,,,,,,,,,,,,,,,,,,,,,,,,,,,,,,,,,,,,,,,,,,Rental Listing,2300.0,Standard,2026-02-16T00:00:00.000Z,2026-02-17T00:00:00.000Z,1.0,Rental Listing,2300.0,Standard,2026-06-04T00:00:00.000Z,2026-06-05T00:00:00.000Z,1.0,Rental Listing,2300.0,Standard,2026-07-23T00:00:00.000Z,2026-07-24T00:00:00.000Z,1.0,,,,,,
"20037-Heritage-Point-Dr,-Tampa,-FL-33647","20037 Heritage Point Dr, Tampa, FL 33647",20037 Heritage Point Dr,,Tampa,FL,12,33647,Hillsborough,057,28.158501,-82.38346,Single Family,4,3.0,2070.0,Active,2675,Standard,2026-08-03T00:00:00.000Z,,2019-04-29T20:36:22.601Z,2026-08-03T03:22:38.465Z,1,Hillsborough,Tampa,,,,,,,,,,,,,Rental Listing,2675,Standard,2026-08-03T00:00:00.000Z,,1,,,,,,,,,,,,,,,,,,,,,,,,,,,,,,,,,,,,,,,,,,,,,,,,,,,,,,,,,,,,,,,,,,,,,,,,,,,,,,,,,,,,,,,,,,,,,,,,,,,,,,,,,,,,,,,,,,,,,,,,,,,,,,,,,,,,,,,,,,,,,,,,,,,,,,,,,,,,,,,,,,,,,,,,,,,,,,,,,,,,,,,,,,,,,,,,,,,,,,,,,,,,,,,,,,,,,,,,,,,,,,,,,,,,,,,,,,,,,,,,,,,,,,,,,,,,,,,,,,,,,,,,,,,,,,,,,,,,,,,,,,,,,,,,,,,,,,,,,,,,,,,,,,,,,,,,,,,,,,,,,,,,,,,,,,,,,,,,,,,,,,,,,,,,,,,,,,,,,,,,,,,,,,,,,,,,,,,,,,,,,,,,,,,,,,,,,,,,,,,,,,,,,,,,,,,,Rental Listing,2675.0,Standard,2026-07-28T00:00:00.000Z,2026-07-29T00:00:00.000Z,1.0
